{
    "J1713+0747_CASPSR_40CM_efac": 1.1184875715799665,
    "J1713+0747_CASPSR_40CM_log10_ecorr": -6.4752310426245465,
    "J1713+0747_CASPSR_40CM_log10_equad": -6.429195612493068,
    "J1713+0747_CPSR2_20CM_efac": 1.0474756404731616,
    "J1713+0747_CPSR2_20CM_log10_ecorr": -7.762123225694026,
    "J1713+0747_CPSR2_20CM_log10_equad": -8.256977591649475,
    "J1713+0747_CPSR2_50CM_efac": 1.0621657668442903,
    "J1713+0747_CPSR2_50CM_log10_ecorr": -6.050196717563297,
    "J1713+0747_CPSR2_50CM_log10_equad": -7.461574848799485,
    "J1713+0747_PDFB1_10CM_efac": 1.1124127693489405,
    "J1713+0747_PDFB1_10CM_log10_ecorr": -7.55980179318931,
    "J1713+0747_PDFB1_10CM_log10_equad": -8.240653820960274,
    "J1713+0747_PDFB1_1433_efac": 1.0212300152985212,
    "J1713+0747_PDFB1_1433_log10_ecorr": -6.958551939080212,
    "J1713+0747_PDFB1_1433_log10_equad": -7.766802839638105,
    "J1713+0747_PDFB1_20CM_efac": 0.9491979685339178,
    "J1713+0747_PDFB1_20CM_log10_ecorr": -7.022005233248976,
    "J1713+0747_PDFB1_20CM_log10_equad": -8.438684245772206,
    "J1713+0747_PDFB1_early_10CM_efac": 0.9615012794881964,
    "J1713+0747_PDFB1_early_10CM_log10_ecorr": -8.29530774770117,
    "J1713+0747_PDFB1_early_10CM_log10_equad": -6.629535840549837,
    "J1713+0747_PDFB1_early_20CM_efac": 0.9799113080951631,
    "J1713+0747_PDFB1_early_20CM_log10_ecorr": -6.570778309060145,
    "J1713+0747_PDFB1_early_20CM_log10_equad": -7.966539480669229,
    "J1713+0747_PDFB_10CM_efac": 1.0343372974939944,
    "J1713+0747_PDFB_10CM_log10_ecorr": -7.328897497519989,
    "J1713+0747_PDFB_10CM_log10_equad": -7.262214406198829,
    "J1713+0747_PDFB_20CM_efac": 1.0457924679290171,
    "J1713+0747_PDFB_20CM_log10_ecorr": -7.20984445603987,
    "J1713+0747_PDFB_20CM_log10_equad": -7.75649564985101,
    "J1713+0747_PDFB_40CM_efac": 1.0372518271237356,
    "J1713+0747_PDFB_40CM_log10_ecorr": -6.690610078474628,
    "J1713+0747_PDFB_40CM_log10_equad": -7.436794151716594,
    "J1713+0747_WBCORR_10CM_efac": 1.022823756564031,
    "J1713+0747_WBCORR_10CM_log10_ecorr": -6.513082287379253,
    "J1713+0747_WBCORR_10CM_log10_equad": -7.708954308936532,
    "J1713+0747_dm_gp_gamma": 1.9388864773403285,
    "J1713+0747_dm_gp_log10_A": -13.80633209769272,
    "J1713+0747_dmexp_0_log10_Amp": -5.803963839621794,
    "J1713+0747_dmexp_0_log10_tau": 1.9543739189865268,
    "J1713+0747_dmexp_0_t0": 54764.42920864487,
    "J1713+0747_dmexp_1_idx": 1.1299648367122515,
    "J1713+0747_dmexp_1_log10_Amp": -5.744018567450602,
    "J1713+0747_dmexp_1_log10_tau": 1.3773366222343983,
    "J1713+0747_dmexp_1_t0": 57508.20397104415,
    "J1713+0747_red_noise_1020cm_1020cm_gamma": 3.71368762186969,
    "J1713+0747_red_noise_1020cm_1020cm_log10_A": -14.572007091770576,
    "J1713+0747_red_noise_custom_1_CPSR2_20CM_gamma": 1.8021242581866925,
    "J1713+0747_red_noise_custom_1_CPSR2_20CM_log10_A": -13.523208108894877,
    "nmodel": -0.29999865435114764
}