{
    "J0613-0200_CASPSR_40CM_efac": 1.0833280438595405,
    "J0613-0200_CASPSR_40CM_log10_ecorr": -6.605366463159008,
    "J0613-0200_CASPSR_40CM_log10_equad": -6.604889306333283,
    "J0613-0200_CPSR2_20CM_efac": 1.0516836095878515,
    "J0613-0200_CPSR2_20CM_log10_ecorr": -6.510335370756606,
    "J0613-0200_CPSR2_20CM_log10_equad": -7.2905800487507,
    "J0613-0200_CPSR2_50CM_efac": 1.0447184482192018,
    "J0613-0200_CPSR2_50CM_log10_ecorr": -6.391071202170514,
    "J0613-0200_CPSR2_50CM_log10_equad": -6.576667383305015,
    "J0613-0200_PDFB1_10CM_efac": 0.9801581244946789,
    "J0613-0200_PDFB1_10CM_log10_ecorr": -8.220009866872301,
    "J0613-0200_PDFB1_10CM_log10_equad": -5.672773283698877,
    "J0613-0200_PDFB1_1433_efac": 0.8018482568409447,
    "J0613-0200_PDFB1_1433_log10_ecorr": -6.14535646721224,
    "J0613-0200_PDFB1_1433_log10_equad": -5.992669865403091,
    "J0613-0200_PDFB1_20CM_efac": 0.8983359809249853,
    "J0613-0200_PDFB1_20CM_log10_ecorr": -6.837435047781943,
    "J0613-0200_PDFB1_20CM_log10_equad": -6.78785525832559,
    "J0613-0200_PDFB1_early_10CM_efac": 0.743698215181248,
    "J0613-0200_PDFB1_early_10CM_log10_ecorr": -7.590036317778998,
    "J0613-0200_PDFB1_early_10CM_log10_equad": -7.0492622308420625,
    "J0613-0200_PDFB1_early_20CM_efac": 1.0595628905886905,
    "J0613-0200_PDFB1_early_20CM_log10_ecorr": -7.690329172282862,
    "J0613-0200_PDFB1_early_20CM_log10_equad": -6.288841746128677,
    "J0613-0200_PDFB_10CM_efac": 1.0408472049024098,
    "J0613-0200_PDFB_10CM_log10_ecorr": -5.938151917977606,
    "J0613-0200_PDFB_10CM_log10_equad": -8.38287834891269,
    "J0613-0200_PDFB_20CM_efac": 1.042307421710661,
    "J0613-0200_PDFB_20CM_log10_ecorr": -6.473553172219848,
    "J0613-0200_PDFB_20CM_log10_equad": -7.368803189484287,
    "J0613-0200_PDFB_40CM_efac": 1.0481306271911535,
    "J0613-0200_PDFB_40CM_log10_ecorr": -6.464726480257415,
    "J0613-0200_PDFB_40CM_log10_equad": -6.361731176628052,
    "J0613-0200_WBCORR_10CM_efac": 1.540105275878947,
    "J0613-0200_WBCORR_10CM_log10_ecorr": -6.750250096173027,
    "J0613-0200_WBCORR_10CM_log10_equad": -5.420804255385595,
    "J0613-0200_chromatic_gp_gamma": 2.020061571817405,
    "J0613-0200_chromatic_gp_log10_A": -14.025406902546573,
    "J0613-0200_dm_s1yr_2_log10_Amp": -6.631766142688049,
    "J0613-0200_dm_s1yr_2_phase": 2.1502722948557005,
    "J0613-0200_red_noise_gamma": 4.171796526432747,
    "J0613-0200_red_noise_log10_A": -14.261916837114448,
    "nmodel": -0.40000094328033936
}