{
    "J0711-6830_CASPSR_40CM_efac": 1.1298258736280822,
    "J0711-6830_CASPSR_40CM_log10_equad": -7.6299166849010085,
    "J0711-6830_CPSR2_20CM_efac": 1.064084985404349,
    "J0711-6830_CPSR2_20CM_log10_equad": -6.04717097779411,
    "J0711-6830_CPSR2_50CM_efac": 1.0940590289422412,
    "J0711-6830_CPSR2_50CM_log10_equad": -7.731224036363758,
    "J0711-6830_PDFB1_10CM_efac": 0.9877037281298511,
    "J0711-6830_PDFB1_10CM_log10_equad": -5.21005052309488,
    "J0711-6830_PDFB1_1433_efac": 1.092925238127751,
    "J0711-6830_PDFB1_1433_log10_equad": -7.755054181029302,
    "J0711-6830_PDFB1_20CM_efac": 1.082837868905749,
    "J0711-6830_PDFB1_20CM_log10_equad": -8.07792126238142,
    "J0711-6830_PDFB1_early_10CM_efac": 0.9638568848852437,
    "J0711-6830_PDFB1_early_10CM_log10_equad": -5.280023683036845,
    "J0711-6830_PDFB1_early_20CM_efac": 0.9999217999305334,
    "J0711-6830_PDFB1_early_20CM_log10_equad": -7.707442645769634,
    "J0711-6830_PDFB_10CM_efac": 1.036577990600718,
    "J0711-6830_PDFB_10CM_log10_equad": -5.989001980186,
    "J0711-6830_PDFB_20CM_efac": 1.044592161346876,
    "J0711-6830_PDFB_20CM_log10_equad": -8.297434853921974,
    "J0711-6830_PDFB_40CM_efac": 1.064247401255313,
    "J0711-6830_PDFB_40CM_log10_equad": -7.903290209977198,
    "J0711-6830_WBCORR_10CM_efac": 1.0497521452976153,
    "J0711-6830_WBCORR_10CM_log10_equad": -7.325823019502362,
    "J0711-6830_dm_gp_gamma": 9.204827278857062,
    "J0711-6830_dm_gp_log10_A": -13.92252954647968,
    "J0711-6830_red_noise_gamma": 1.092921369295437,
    "J0711-6830_red_noise_log10_A": -13.170305287556237,
    "nmodel": 0.35999952212026676
}