{
    "J1600-3053_CASPSR_40CM_efac": 1.1029263578619286,
    "J1600-3053_CASPSR_40CM_log10_ecorr": -6.2094426831822975,
    "J1600-3053_CASPSR_40CM_log10_equad": -7.760011646595234,
    "J1600-3053_CPSR2_20CM_efac": 1.0170803892144447,
    "J1600-3053_CPSR2_20CM_log10_ecorr": -6.448404738945725,
    "J1600-3053_CPSR2_20CM_log10_equad": -7.451403573425636,
    "J1600-3053_CPSR2_50CM_efac": 1.1008567776606006,
    "J1600-3053_CPSR2_50CM_log10_ecorr": -5.869335686045425,
    "J1600-3053_CPSR2_50CM_log10_equad": -7.014714707843954,
    "J1600-3053_PDFB1_10CM_efac": 0.8728092347282954,
    "J1600-3053_PDFB1_10CM_log10_ecorr": -7.657269366153813,
    "J1600-3053_PDFB1_10CM_log10_equad": -8.381800303453844,
    "J1600-3053_PDFB1_1433_efac": 1.0825502243538356,
    "J1600-3053_PDFB1_1433_log10_ecorr": -6.411328195982977,
    "J1600-3053_PDFB1_1433_log10_equad": -6.3333067429006595,
    "J1600-3053_PDFB1_20CM_efac": 0.9887743465657424,
    "J1600-3053_PDFB1_20CM_log10_ecorr": -7.593679886373878,
    "J1600-3053_PDFB1_20CM_log10_equad": -8.357966043480133,
    "J1600-3053_PDFB1_early_10CM_efac": 0.9495648586972073,
    "J1600-3053_PDFB1_early_10CM_log10_ecorr": -6.216421223983658,
    "J1600-3053_PDFB1_early_10CM_log10_equad": -7.903312692906306,
    "J1600-3053_PDFB1_early_20CM_efac": 0.9832616595923425,
    "J1600-3053_PDFB1_early_20CM_log10_ecorr": -6.275153716647374,
    "J1600-3053_PDFB1_early_20CM_log10_equad": -6.224087350084137,
    "J1600-3053_PDFB_10CM_efac": 1.042478520166002,
    "J1600-3053_PDFB_10CM_log10_ecorr": -7.583150357449317,
    "J1600-3053_PDFB_10CM_log10_equad": -8.053854055349149,
    "J1600-3053_PDFB_20CM_efac": 1.003803371274591,
    "J1600-3053_PDFB_20CM_log10_ecorr": -6.601229598963556,
    "J1600-3053_PDFB_20CM_log10_equad": -7.811955677329085,
    "J1600-3053_PDFB_40CM_efac": 1.0114583180936805,
    "J1600-3053_PDFB_40CM_log10_ecorr": -7.384960622336008,
    "J1600-3053_PDFB_40CM_log10_equad": -6.1225030370887605,
    "J1600-3053_WBCORR_10CM_efac": 1.3773745991235642,
    "J1600-3053_WBCORR_10CM_log10_ecorr": -8.002421500871398,
    "J1600-3053_WBCORR_10CM_log10_equad": -7.298180186286094,
    "J1600-3053_dm_gp_gamma": 2.1159826208625043,
    "J1600-3053_dm_gp_log10_A": -13.228226773066616,
    "J1600-3053_red_noise_4050cm_4050cm_gamma": 1.8526003694914062,
    "J1600-3053_red_noise_4050cm_4050cm_log10_A": -12.610047351961454,
    "J1600-3053_red_noise_gamma": 3.8136446265188986,
    "J1600-3053_red_noise_log10_A": -14.339925587299662,
    "nmodel": -0.23997277012294094
}