{
    "J1643-1224_0_magnexp__idx": -0.9992167419794875,
    "J1643-1224_0_magnexp__log10_Amp": -5.02008592047958,
    "J1643-1224_0_magnexp__log10_tau": 2.1094888764709565,
    "J1643-1224_0_magnexp__t0": 57074.804837668155,
    "J1643-1224_CASPSR_40CM_efac": 1.1598248231959918,
    "J1643-1224_CASPSR_40CM_log10_equad": -6.795990954403992,
    "J1643-1224_CPSR2_20CM_efac": 1.055835788045564,
    "J1643-1224_CPSR2_20CM_log10_equad": -6.06003936107008,
    "J1643-1224_CPSR2_50CM_efac": 1.0574384733970046,
    "J1643-1224_CPSR2_50CM_log10_equad": -5.543047445810217,
    "J1643-1224_PDFB1_10CM_efac": 1.0750935966367605,
    "J1643-1224_PDFB1_10CM_log10_equad": -6.338944102529023,
    "J1643-1224_PDFB1_1433_efac": 1.0830200939255947,
    "J1643-1224_PDFB1_1433_log10_equad": -5.630831448695897,
    "J1643-1224_PDFB1_20CM_efac": 1.0528860529069255,
    "J1643-1224_PDFB1_20CM_log10_equad": -7.941367204887001,
    "J1643-1224_PDFB1_early_10CM_efac": 0.9165654309444619,
    "J1643-1224_PDFB1_early_10CM_log10_equad": -5.8101244201408395,
    "J1643-1224_PDFB1_early_20CM_efac": 1.1361380628622315,
    "J1643-1224_PDFB1_early_20CM_log10_equad": -8.38417717961544,
    "J1643-1224_PDFB_10CM_efac": 1.0547427476598534,
    "J1643-1224_PDFB_10CM_log10_equad": -7.601003302448758,
    "J1643-1224_PDFB_20CM_efac": 1.0890477303849901,
    "J1643-1224_PDFB_20CM_log10_equad": -6.566624971767855,
    "J1643-1224_PDFB_40CM_efac": 1.088581561044479,
    "J1643-1224_PDFB_40CM_log10_equad": -5.830450208521443,
    "J1643-1224_WBCORR_10CM_efac": 0.9403975709226655,
    "J1643-1224_WBCORR_10CM_log10_equad": -5.4311105448499415,
    "J1643-1224_dm_gp_gamma": 3.0303540508695344,
    "J1643-1224_dm_gp_log10_A": -13.213796390991252,
    "J1643-1224_red_noise_4050cm_4050cm_gamma": 2.3669475917495832,
    "J1643-1224_red_noise_4050cm_4050cm_log10_A": -12.06323752755967,
    "J1643-1224_red_noise_gamma": 0.9776983157535822,
    "J1643-1224_red_noise_log10_A": -12.839626661914776,
    "nmodel": -0.35999724090392227
}