{
    "J1824-2452A_CASPSR_40CM_efac": 1.2176774914862771,
    "J1824-2452A_CASPSR_40CM_log10_ecorr": -5.830405149920785,
    "J1824-2452A_CASPSR_40CM_log10_equad": -6.578438345793803,
    "J1824-2452A_CPSR2_20CM_efac": 0.9904668797765115,
    "J1824-2452A_CPSR2_20CM_log10_ecorr": -6.772457841846819,
    "J1824-2452A_CPSR2_20CM_log10_equad": -8.026461400385985,
    "J1824-2452A_CPSR2_50CM_efac": 1.104058517995229,
    "J1824-2452A_CPSR2_50CM_log10_ecorr": -5.996739804240122,
    "J1824-2452A_CPSR2_50CM_log10_equad": -7.713260545002703,
    "J1824-2452A_PDFB1_10CM_efac": 0.8918791401256462,
    "J1824-2452A_PDFB1_10CM_log10_ecorr": -7.800379392411045,
    "J1824-2452A_PDFB1_10CM_log10_equad": -5.816166131735295,
    "J1824-2452A_PDFB1_1433_efac": 0.7381966039896435,
    "J1824-2452A_PDFB1_1433_log10_ecorr": -7.453057364380271,
    "J1824-2452A_PDFB1_1433_log10_equad": -5.980212271506875,
    "J1824-2452A_PDFB1_20CM_efac": 1.0302457473963256,
    "J1824-2452A_PDFB1_20CM_log10_ecorr": -7.440709725598691,
    "J1824-2452A_PDFB1_20CM_log10_equad": -5.958334943994643,
    "J1824-2452A_PDFB1_early_10CM_efac": 0.9902410945855904,
    "J1824-2452A_PDFB1_early_10CM_log10_ecorr": -6.610021978296976,
    "J1824-2452A_PDFB1_early_10CM_log10_equad": -5.840178230452917,
    "J1824-2452A_PDFB1_early_20CM_efac": 1.068455086254601,
    "J1824-2452A_PDFB1_early_20CM_log10_ecorr": -6.893426275111598,
    "J1824-2452A_PDFB1_early_20CM_log10_equad": -5.587499258230942,
    "J1824-2452A_PDFB_10CM_efac": 0.9236872187715219,
    "J1824-2452A_PDFB_10CM_log10_ecorr": -6.115631203643071,
    "J1824-2452A_PDFB_10CM_log10_equad": -6.281677170565642,
    "J1824-2452A_PDFB_20CM_efac": 1.0350476697710635,
    "J1824-2452A_PDFB_20CM_log10_ecorr": -6.035176317934233,
    "J1824-2452A_PDFB_20CM_log10_equad": -7.520972204472349,
    "J1824-2452A_PDFB_40CM_efac": 1.0408401495885986,
    "J1824-2452A_PDFB_40CM_log10_ecorr": -5.83620895741924,
    "J1824-2452A_PDFB_40CM_log10_equad": -7.298321772319712,
    "J1824-2452A_WBCORR_10CM_efac": 2.408584025412855,
    "J1824-2452A_WBCORR_10CM_log10_ecorr": -5.070002505943117,
    "J1824-2452A_WBCORR_10CM_log10_equad": -5.070009523922231,
    "J1824-2452A_dm_gp_gamma": 2.603386535774144,
    "J1824-2452A_dm_gp_log10_A": -12.464948629106292,
    "J1824-2452A_red_noise_4050cm_4050cm_gamma": 1.0047560303115612,
    "J1824-2452A_red_noise_4050cm_4050cm_log10_A": -12.057092074452195,
    "J1824-2452A_red_noise_gamma": 5.016996858739953,
    "J1824-2452A_red_noise_log10_A": -13.268403014325248,
    "nmodel": -0.17999922097509458
}