{
    "J0437-4715_0_magnexp__idx": 0.14373622569836808,
    "J0437-4715_0_magnexp__log10_Amp": -6.273380315095758,
    "J0437-4715_0_magnexp__log10_tau": 1.4677378099226295,
    "J0437-4715_0_magnexp__t0": 57084.72618975275,
    "J0437-4715_CASPSR_40CM_efac": 0.6636712329389378,
    "J0437-4715_CASPSR_40CM_log10_ecorr": -6.894918674302395,
    "J0437-4715_CASPSR_40CM_log10_equad": -8.177670444777906,
    "J0437-4715_CPSR2_10CM_efac": 1.0266268042417246,
    "J0437-4715_CPSR2_10CM_log10_ecorr": -6.590522036156513,
    "J0437-4715_CPSR2_10CM_log10_equad": -6.728993251485377,
    "J0437-4715_CPSR2_20CM_efac": 2.156830203405295,
    "J0437-4715_CPSR2_20CM_log10_ecorr": -6.683768894869976,
    "J0437-4715_CPSR2_20CM_log10_equad": -6.908259570686447,
    "J0437-4715_CPSR2_50CM_efac": 0.9712878279764354,
    "J0437-4715_CPSR2_50CM_log10_ecorr": -6.524980117630487,
    "J0437-4715_CPSR2_50CM_log10_equad": -8.060072444364009,
    "J0437-4715_PDFB1_10CM_efac": 0.7515771417131636,
    "J0437-4715_PDFB1_10CM_log10_ecorr": -7.255409278473799,
    "J0437-4715_PDFB1_10CM_log10_equad": -6.687853451826243,
    "J0437-4715_PDFB1_1433_efac": 3.291636315605485,
    "J0437-4715_PDFB1_1433_log10_ecorr": -7.86101128977782,
    "J0437-4715_PDFB1_1433_log10_equad": -7.673949071567304,
    "J0437-4715_PDFB1_20CM_efac": 2.6110430729370604,
    "J0437-4715_PDFB1_20CM_log10_ecorr": -8.451646609455125,
    "J0437-4715_PDFB1_20CM_log10_equad": -7.94560872760639,
    "J0437-4715_PDFB1_early_10CM_efac": 1.441539264630284,
    "J0437-4715_PDFB1_early_10CM_log10_ecorr": -6.9400116975439,
    "J0437-4715_PDFB1_early_10CM_log10_equad": -6.454285932822092,
    "J0437-4715_PDFB1_early_20CM_efac": 1.576910249223624,
    "J0437-4715_PDFB1_early_20CM_log10_ecorr": -6.474038059142615,
    "J0437-4715_PDFB1_early_20CM_log10_equad": -6.929737726922102,
    "J0437-4715_PDFB_10CM_efac": 0.5686075175138072,
    "J0437-4715_PDFB_10CM_log10_ecorr": -7.334754589173109,
    "J0437-4715_PDFB_10CM_log10_equad": -7.422039838758397,
    "J0437-4715_PDFB_20CM_efac": 0.42593109018827235,
    "J0437-4715_PDFB_20CM_log10_ecorr": -7.143624927288133,
    "J0437-4715_PDFB_20CM_log10_equad": -8.499993010914457,
    "J0437-4715_PDFB_40CM_efac": 0.5990770369613274,
    "J0437-4715_PDFB_40CM_log10_ecorr": -6.923161684711925,
    "J0437-4715_PDFB_40CM_log10_equad": -8.369508291154457,
    "J0437-4715_WBCORR_10CM_efac": 1.7199410803093067,
    "J0437-4715_WBCORR_10CM_log10_ecorr": -6.406404970069951,
    "J0437-4715_WBCORR_10CM_log10_equad": -7.820989690728508,
    "J0437-4715_dm_gp_gamma": 2.4312910823238743,
    "J0437-4715_dm_gp_log10_A": -13.492905155754526,
    "J0437-4715_red_noise_gamma": 1.9417321694636203,
    "J0437-4715_red_noise_log10_A": -14.108496596166002,
    "nmodel": 0.25997776303793385
}