{
    "J0437-4715_0_magnexp__idx": {
        "16": -0.09419651712044604,
        "50": 0.13129464062509774,
        "84": 0.3612534667308094,
        "maximum": 0.0825876966317991,
        "median": 0.13129464062509774
    },
    "J0437-4715_0_magnexp__log10_Amp": {
        "16": -6.390026742875788,
        "50": -6.240930964662779,
        "84": -6.059149348448944,
        "maximum": -6.258748284814754,
        "median": -6.240930964662779
    },
    "J0437-4715_0_magnexp__log10_tau": {
        "16": 1.417753798665717,
        "50": 1.5547406900165301,
        "84": 1.6942700764423542,
        "maximum": 1.534073323509542,
        "median": 1.5547406900165301
    },
    "J0437-4715_0_magnexp__t0": {
        "16": 57059.81637754831,
        "50": 57071.526391556166,
        "84": 57082.35732878752,
        "maximum": 57060.34336308578,
        "median": 57071.526391556166
    },
    "J0437-4715_CASPSR_40CM_efac": {
        "16": 0.6502283009049112,
        "50": 0.6687450977998917,
        "84": 0.6900715337432979,
        "maximum": 0.6636712329389378,
        "median": 0.6687450977998917
    },
    "J0437-4715_CASPSR_40CM_log10_ecorr": {
        "16": -6.9773270316226075,
        "50": -6.915065182514917,
        "84": -6.8628966383936305,
        "maximum": -6.894918674302395,
        "median": -6.915065182514917
    },
    "J0437-4715_CASPSR_40CM_log10_equad": {
        "16": -8.37629979504453,
        "50": -8.121376940927028,
        "84": -7.792477837011923,
        "maximum": -8.177670444777906,
        "median": -8.121376940927028
    },
    "J0437-4715_CPSR2_10CM_efac": {
        "16": 0.9460817307580012,
        "50": 1.0200156805383624,
        "84": 1.1033404716520878,
        "maximum": 1.0266268042417246,
        "median": 1.0200156805383624
    },
    "J0437-4715_CPSR2_10CM_log10_ecorr": {
        "16": -6.619470680078466,
        "50": -6.589734750086885,
        "84": -6.5584897691610955,
        "maximum": -6.590522036156513,
        "median": -6.589734750086885
    },
    "J0437-4715_CPSR2_10CM_log10_equad": {
        "16": -6.836194090584819,
        "50": -6.741470278215459,
        "84": -6.682971460766915,
        "maximum": -6.728993251485377,
        "median": -6.741470278215459
    },
    "J0437-4715_CPSR2_20CM_efac": {
        "16": 2.0986726394992767,
        "50": 2.1609916550860238,
        "84": 2.22223724206891,
        "maximum": 2.156830203405295,
        "median": 2.1609916550860238
    },
    "J0437-4715_CPSR2_20CM_log10_ecorr": {
        "16": -6.699931902529731,
        "50": -6.676316582523382,
        "84": -6.6526318728262215,
        "maximum": -6.683768894869976,
        "median": -6.676316582523382
    },
    "J0437-4715_CPSR2_20CM_log10_equad": {
        "16": -7.35792976250477,
        "50": -6.997464205839595,
        "84": -6.878829381928189,
        "maximum": -6.908259570686447,
        "median": -6.997464205839595
    },
    "J0437-4715_CPSR2_50CM_efac": {
        "16": 0.9594062315453529,
        "50": 0.9722299022527306,
        "84": 0.9856426413985198,
        "maximum": 0.9712878279764354,
        "median": 0.9722299022527306
    },
    "J0437-4715_CPSR2_50CM_log10_ecorr": {
        "16": -6.541678605307389,
        "50": -6.5221044800207135,
        "84": -6.500908321033533,
        "maximum": -6.524980117630487,
        "median": -6.5221044800207135
    },
    "J0437-4715_CPSR2_50CM_log10_equad": {
        "16": -8.371144765920448,
        "50": -8.07358208070465,
        "84": -7.779354250432172,
        "maximum": -8.060072444364009,
        "median": -8.07358208070465
    },
    "J0437-4715_PDFB1_10CM_efac": {
        "16": 0.5128361695382654,
        "50": 0.7129691472916526,
        "84": 0.8831529604258619,
        "maximum": 0.7515771417131636,
        "median": 0.7129691472916526
    },
    "J0437-4715_PDFB1_10CM_log10_ecorr": {
        "16": -7.332593602688895,
        "50": -7.246718341058965,
        "84": -7.177960370603978,
        "maximum": -7.255409278473799,
        "median": -7.246718341058965
    },
    "J0437-4715_PDFB1_10CM_log10_equad": {
        "16": -6.709934788962111,
        "50": -6.688295579231943,
        "84": -6.667039766480778,
        "maximum": -6.687853451826243,
        "median": -6.688295579231943
    },
    "J0437-4715_PDFB1_1433_efac": {
        "16": 3.166370135881782,
        "50": 3.2901706148366054,
        "84": 3.416829357815974,
        "maximum": 3.291636315605485,
        "median": 3.2901706148366054
    },
    "J0437-4715_PDFB1_1433_log10_ecorr": {
        "16": -8.294422075431742,
        "50": -7.889475077079619,
        "84": -7.437678341607773,
        "maximum": -7.86101128977782,
        "median": -7.889475077079619
    },
    "J0437-4715_PDFB1_1433_log10_equad": {
        "16": -8.233554027968458,
        "50": -7.719029726225112,
        "84": -7.204250445268449,
        "maximum": -7.673949071567304,
        "median": -7.719029726225112
    },
    "J0437-4715_PDFB1_20CM_efac": {
        "16": 2.5712031042719525,
        "50": 2.6267213220908827,
        "84": 2.6766424081768827,
        "maximum": 2.6110430729370604,
        "median": 2.6267213220908827
    },
    "J0437-4715_PDFB1_20CM_log10_ecorr": {
        "16": -8.384452320731626,
        "50": -8.114699790522334,
        "84": -7.808372956407775,
        "maximum": -8.451646609455125,
        "median": -8.114699790522334
    },
    "J0437-4715_PDFB1_20CM_log10_equad": {
        "16": -8.257125647644388,
        "50": -7.787562201203138,
        "84": -7.293191347037326,
        "maximum": -7.94560872760639,
        "median": -7.787562201203138
    },
    "J0437-4715_PDFB1_early_10CM_efac": {
        "16": 0.8125692141720906,
        "50": 1.4201924891527695,
        "84": 1.9199939949347846,
        "maximum": 1.441539264630284,
        "median": 1.4201924891527695
    },
    "J0437-4715_PDFB1_early_10CM_log10_ecorr": {
        "16": -7.772693220197628,
        "50": -7.055891001834906,
        "84": -6.825108459543641,
        "maximum": -6.9400116975439,
        "median": -7.055891001834906
    },
    "J0437-4715_PDFB1_early_10CM_log10_equad": {
        "16": -6.531413607488071,
        "50": -6.467547027097436,
        "84": -6.420785585273665,
        "maximum": -6.454285932822092,
        "median": -6.467547027097436
    },
    "J0437-4715_PDFB1_early_20CM_efac": {
        "16": 1.4323714210654659,
        "50": 1.5896723327330236,
        "84": 1.6744709179976711,
        "maximum": 1.576910249223624,
        "median": 1.5896723327330236
    },
    "J0437-4715_PDFB1_early_20CM_log10_ecorr": {
        "16": -6.518738513955831,
        "50": -6.46545109004216,
        "84": -6.4097469839250385,
        "maximum": -6.474038059142615,
        "median": -6.46545109004216
    },
    "J0437-4715_PDFB1_early_20CM_log10_equad": {
        "16": -8.075263147438593,
        "50": -7.271376193700744,
        "84": -6.821018559793245,
        "maximum": -6.929737726922102,
        "median": -7.271376193700744
    },
    "J0437-4715_PDFB_10CM_efac": {
        "16": 0.5550311873002798,
        "50": 0.5768529042296955,
        "84": 0.598781216519022,
        "maximum": 0.5686075175138072,
        "median": 0.5768529042296955
    },
    "J0437-4715_PDFB_10CM_log10_ecorr": {
        "16": -7.354670326348147,
        "50": -7.338181767683252,
        "84": -7.321700177051577,
        "maximum": -7.334754589173109,
        "median": -7.338181767683252
    },
    "J0437-4715_PDFB_10CM_log10_equad": {
        "16": -7.442170615733767,
        "50": -7.421378822329211,
        "84": -7.402487668350563,
        "maximum": -7.422039838758397,
        "median": -7.421378822329211
    },
    "J0437-4715_PDFB_20CM_efac": {
        "16": 0.4221148973253516,
        "50": 0.4259330113703763,
        "84": 0.42971177546898465,
        "maximum": 0.42593109018827235,
        "median": 0.4259330113703763
    },
    "J0437-4715_PDFB_20CM_log10_ecorr": {
        "16": -7.156726328778897,