{
    "J0613-0200_CASPSR_40CM_efac": {
        "16": 1.0341271213317256,
        "50": 1.0901646404202439,
        "84": 1.142241842864003,
        "maximum": 1.0833280438595405,
        "median": 1.0901646404202439
    },
    "J0613-0200_CASPSR_40CM_log10_ecorr": {
        "16": -7.994824299011509,
        "50": -7.006732564951008,
        "84": -6.59293062159294,
        "maximum": -6.605366463159008,
        "median": -7.006732564951008
    },
    "J0613-0200_CASPSR_40CM_log10_equad": {
        "16": -8.111703429145612,
        "50": -7.340850985412304,
        "84": -6.657778460506247,
        "maximum": -6.604889306333283,
        "median": -7.340850985412304
    },
    "J0613-0200_CPSR2_20CM_efac": {
        "16": 1.025381035376512,
        "50": 1.063327115391917,
        "84": 1.1034695545440034,
        "maximum": 1.0516836095878515,
        "median": 1.063327115391917
    },
    "J0613-0200_CPSR2_20CM_log10_ecorr": {
        "16": -8.106293662227042,
        "50": -7.286513491551173,
        "84": -6.473686413914741,
        "maximum": -6.510335370756606,
        "median": -7.286513491551173
    },
    "J0613-0200_CPSR2_20CM_log10_equad": {
        "16": -8.109562154274803,
        "50": -7.318561953346849,
        "84": -6.54395405999066,
        "maximum": -7.2905800487507,
        "median": -7.318561953346849
    },
    "J0613-0200_CPSR2_50CM_efac": {
        "16": 1.0174104560765935,
        "50": 1.0495363663156891,
        "84": 1.080549723593371,
        "maximum": 1.0447184482192018,
        "median": 1.0495363663156891
    },
    "J0613-0200_CPSR2_50CM_log10_ecorr": {
        "16": -6.635332198333754,
        "50": -6.431104061230882,
        "84": -6.328531208931199,
        "maximum": -6.391071202170514,
        "median": -6.431104061230882
    },
    "J0613-0200_CPSR2_50CM_log10_equad": {
        "16": -8.134008941126872,
        "50": -7.3742841595512445,
        "84": -6.640694143741599,
        "maximum": -6.576667383305015,
        "median": -7.3742841595512445
    },
    "J0613-0200_PDFB1_10CM_efac": {
        "16": 0.8639672297792133,
        "50": 1.0217441507315614,
        "84": 1.187079655050475,
        "maximum": 0.9801581244946789,
        "median": 1.0217441507315614
    },
    "J0613-0200_PDFB1_10CM_log10_ecorr": {
        "16": -8.07498287463406,
        "50": -7.137874282498474,
        "84": -6.168480552799406,
        "maximum": -8.220009866872301,
        "median": -7.137874282498474
    },
    "J0613-0200_PDFB1_10CM_log10_equad": {
        "16": -7.96278392115906,
        "50": -6.866329293857739,
        "84": -5.788359846851418,
        "maximum": -5.672773283698877,
        "median": -6.866329293857739
    },
    "J0613-0200_PDFB1_1433_efac": {
        "16": 0.6880781280346266,
        "50": 0.8138432211698056,
        "84": 0.9328799640049891,
        "maximum": 0.8018482568409447,
        "median": 0.8138432211698056
    },
    "J0613-0200_PDFB1_1433_log10_ecorr": {
        "16": -7.9022513003264745,
        "50": -6.681555533912466,
        "84": -6.03152387019302,
        "maximum": -6.14535646721224,
        "median": -6.681555533912466
    },
    "J0613-0200_PDFB1_1433_log10_equad": {
        "16": -7.972112654314499,
        "50": -6.856572237179857,
        "84": -6.000469812835013,
        "maximum": -5.992669865403091,
        "median": -6.856572237179857
    },
    "J0613-0200_PDFB1_20CM_efac": {
        "16": 0.8639866916942002,
        "50": 0.9045894256283393,
        "84": 0.9475216894187093,
        "maximum": 0.8983359809249853,
        "median": 0.9045894256283393
    },
    "J0613-0200_PDFB1_20CM_log10_ecorr": {
        "16": -8.142873333588271,
        "50": -7.401768490459887,
        "84": -6.68496545644222,
        "maximum": -6.837435047781943,
        "median": -7.401768490459887
    },
    "J0613-0200_PDFB1_20CM_log10_equad": {
        "16": -8.142864245757746,
        "50": -7.369366093113606,
        "84": -6.622492564751777,
        "maximum": -6.78785525832559,
        "median": -7.369366093113606
    },
    "J0613-0200_PDFB1_early_10CM_efac": {
        "16": 0.6429630859747882,
        "50": 0.7928070492117386,
        "84": 0.9727440762739561,
        "maximum": 0.743698215181248,
        "median": 0.7928070492117386
    },
    "J0613-0200_PDFB1_early_10CM_log10_ecorr": {
        "16": -8.05300860485103,
        "50": -7.105931173431211,
        "84": -6.109355323201574,
        "maximum": -7.590036317778998,
        "median": -7.105931173431211
    },
    "J0613-0200_PDFB1_early_10CM_log10_equad": {
        "16": -8.003325602399858,
        "50": -6.989204376734271,
        "84": -5.97330803186872,
        "maximum": -7.0492622308420625,
        "median": -6.989204376734271
    },
    "J0613-0200_PDFB1_early_20CM_efac": {
        "16": 1.0024931784100093,
        "50": 1.0686394387840235,
        "84": 1.1377798584715992,
        "maximum": 1.0595628905886905,
        "median": 1.0686394387840235
    },
    "J0613-0200_PDFB1_early_20CM_log10_ecorr": {
        "16": -8.124292019756629,
        "50": -7.345277824398802,
        "84": -6.549823298397507,
        "maximum": -7.690329172282862,
        "median": -7.345277824398802
    },
    "J0613-0200_PDFB1_early_20CM_log10_equad": {
        "16": -8.026576021499418,
        "50": -7.085817326112882,
        "84": -6.202224003601257,
        "maximum": -6.288841746128677,
        "median": -7.085817326112882
    },
    "J0613-0200_PDFB_10CM_efac": {
        "16": 1.005686790099832,
        "50": 1.0495959289528731,
        "84": 1.0953899342843136,
        "maximum": 1.0408472049024098,
        "median": 1.0495959289528731
    },
    "J0613-0200_PDFB_10CM_log10_ecorr": {
        "16": -6.313317240836822,
        "50": -5.9904874156235435,
        "84": -5.8718383300587,
        "maximum": -5.938151917977606,
        "median": -5.9904874156235435
    },
    "J0613-0200_PDFB_10CM_log10_equad": {
        "16": -8.097223394857691,
        "50": -7.195905951801537,
        "84": -6.322046357789819,
        "maximum": -8.38287834891269,
        "median": -7.195905951801537
    },
    "J0613-0200_PDFB_20CM_efac": {
        "16": 1.0259656397920172,
        "50": 1.0438032087222584,
        "84": 1.0610238197425403,
        "maximum": 1.042307421710661,
        "median": 1.0438032087222584
    },
    "J0613-0200_PDFB_20CM_log10_ecorr": {
        "16": -6.887082196155561,
        "50": -6.519951621118483,
        "84": -6.404552239234571,
        "maximum": -6.473553172219848,
        "median": -6.519951621118483
    },
    "J0613-0200_PDFB_20CM_log10_equad": {
        "16": -8.179146664157324,
        "50": -7.496596354826703,
        "84": -6.818462487561879,
        "maximum": -7.368803189484287,
        "median": -7.496596354826703
    },
    "J0613-0200_PDFB_40CM_efac": {
        "16": 1.017938086492993,
        "50": 1.048772198052222,
        "84": 1.0769971182603006,
        "maximum": 1.0481306271911535,
        "median": 1.048772198052222
    },
    "J0613-0200_PDFB_40CM_log10_ecorr": {
        "16": -8.055417698875154,
        "50": -7.131950628128996,
        "84": -6.4714679616502835,
        "maximum": -6.464726480257415,
        "median": -7.131950628128996
    },
    "J0613-0200_PDFB_40CM_log10_equad": {
        "16": -8.06539778601124,
        "50": -7.15325862316926,
        "84": -6.3366325878788015,
        "maximum": -6.361731176628052,
        "median": -7.15325862316926
    },
    "J0613-0200_WBCORR_10CM_efac": {
        "16": 1.2683383182676125,
        "50": 1.5631493502509968,
        "84": 1.787200963241807,
        "maximum": 1.540105275878947,
        "median": 1.5631493502509968
    },
    "J0613-0200_WBCORR_10CM_log10_ecorr": {
        "16": -8.019775733220959,
        "50": -7.046703069304374,
        "84": -6.064943034362331,
        "maximum": -6.750250096173027,
        "median": -7.046703069304374
    },
    "J0613-0200_WBCORR_10CM_log10_equad": {
        "16": -7.788285749058835,