{
    "J0711-6830_CASPSR_40CM_efac": {
        "16": 1.1005614847541367,
        "50": 1.139143399352834,
        "84": 1.180017676153354,
        "maximum": 1.1298258736280822,
        "median": 1.139143399352834
    },
    "J0711-6830_CASPSR_40CM_log10_equad": {
        "16": -8.147835154033267,
        "50": -7.406580924187701,
        "84": -6.650195615640368,
        "maximum": -7.6299166849010085,
        "median": -7.406580924187701
    },
    "J0711-6830_CPSR2_20CM_efac": {
        "16": 1.0249480782441114,
        "50": 1.0715490542531119,
        "84": 1.118660974886835,
        "maximum": 1.064084985404349,
        "median": 1.0715490542531119
    },
    "J0711-6830_CPSR2_20CM_log10_equad": {
        "16": -7.973243271681784,
        "50": -6.8878629951785335,
        "84": -6.080256158823931,
        "maximum": -6.04717097779411,
        "median": -6.8878629951785335
    },
    "J0711-6830_CPSR2_50CM_efac": {
        "16": 1.0643497728027749,
        "50": 1.1025591546436284,
        "84": 1.1432485885769144,
        "maximum": 1.0940590289422412,
        "median": 1.1025591546436284
    },
    "J0711-6830_CPSR2_50CM_log10_equad": {
        "16": -8.121785101549873,
        "50": -7.32485718786452,
        "84": -6.509507089939257,
        "maximum": -7.731224036363758,
        "median": -7.32485718786452
    },
    "J0711-6830_PDFB1_10CM_efac": {
        "16": 0.23701225332548737,
        "50": 0.7813844813509573,
        "84": 1.0777678765804217,
        "maximum": 0.9877037281298511,
        "median": 0.7813844813509573
    },
    "J0711-6830_PDFB1_10CM_log10_equad": {
        "16": -7.282037950985593,
        "50": -5.348794936506237,
        "84": -5.151161779468232,
        "maximum": -5.21005052309488,
        "median": -5.348794936506237
    },
    "J0711-6830_PDFB1_1433_efac": {
        "16": 1.0234464725799062,
        "50": 1.122119244740397,
        "84": 1.2355097127639085,
        "maximum": 1.092925238127751,
        "median": 1.122119244740397
    },
    "J0711-6830_PDFB1_1433_log10_equad": {
        "16": -8.093784444657585,
        "50": -7.262059828269779,
        "84": -6.3968018855169015,
        "maximum": -7.755054181029302,
        "median": -7.262059828269779
    },
    "J0711-6830_PDFB1_20CM_efac": {
        "16": 1.0457594962152708,
        "50": 1.0940259804904613,
        "84": 1.1459421223372712,
        "maximum": 1.082837868905749,
        "median": 1.0940259804904613
    },
    "J0711-6830_PDFB1_20CM_log10_equad": {
        "16": -8.24521211086765,
        "50": -7.707733308649174,
        "84": -7.136225927441448,
        "maximum": -8.07792126238142,
        "median": -7.707733308649174
    },
    "J0711-6830_PDFB1_early_10CM_efac": {
        "16": 0.7609308360020304,
        "50": 1.0292731126468095,
        "84": 1.3523495574387758,
        "maximum": 0.9638568848852437,
        "median": 1.0292731126468095
    },
    "J0711-6830_PDFB1_early_10CM_log10_equad": {
        "16": -7.889765041739599,
        "50": -6.616690288826359,
        "84": -5.405604058033837,
        "maximum": -5.280023683036845,
        "median": -6.616690288826359
    },
    "J0711-6830_PDFB1_early_20CM_efac": {
        "16": 0.9541931536913945,
        "50": 1.027657890693776,
        "84": 1.1105933407006119,
        "maximum": 0.9999217999305334,
        "median": 1.027657890693776
    },
    "J0711-6830_PDFB1_early_20CM_log10_equad": {
        "16": -8.127070935134844,
        "50": -7.336506228232089,
        "84": -6.5177730319116325,
        "maximum": -7.707442645769634,
        "median": -7.336506228232089
    },
    "J0711-6830_PDFB_10CM_efac": {
        "16": 1.0103940522097268,
        "50": 1.0375057820361167,
        "84": 1.0636636519710567,
        "maximum": 1.036577990600718,
        "median": 1.0375057820361167
    },
    "J0711-6830_PDFB_10CM_log10_equad": {
        "16": -8.017602299332921,
        "50": -7.005567057541773,
        "84": -6.083450392133248,
        "maximum": -5.989001980186,
        "median": -7.005567057541773
    },
    "J0711-6830_PDFB_20CM_efac": {
        "16": 1.0331614079751474,
        "50": 1.048901511073245,
        "84": 1.0653402290329552,
        "maximum": 1.044592161346876,
        "median": 1.048901511073245
    },
    "J0711-6830_PDFB_20CM_log10_equad": {
        "16": -8.244100804077325,
        "50": -7.698457107066873,
        "84": -7.141590803645131,
        "maximum": -8.297434853921974,
        "median": -7.698457107066873
    },
    "J0711-6830_PDFB_40CM_efac": {
        "16": 1.0392240682649374,
        "50": 1.0666788277388857,
        "84": 1.0951267347040392,
        "maximum": 1.064247401255313,
        "median": 1.0666788277388857
    },
    "J0711-6830_PDFB_40CM_log10_equad": {
        "16": -8.120516886827746,
        "50": -7.318918597406162,
        "84": -6.521042297040019,
        "maximum": -7.903290209977198,
        "median": -7.318918597406162
    },
    "J0711-6830_WBCORR_10CM_efac": {
        "16": 0.9819629460700491,
        "50": 1.0629032330674106,
        "84": 1.1546591074447328,
        "maximum": 1.0497521452976153,
        "median": 1.0629032330674106
    },
    "J0711-6830_WBCORR_10CM_log10_equad": {
        "16": -8.0217708277639,
        "50": -7.038237640987963,
        "84": -6.0291704625677305,
        "maximum": -7.325823019502362,
        "median": -7.038237640987963
    },
    "J0711-6830_dm_gp_gamma": {
        "16": 3.1402445525537606,
        "50": 6.236071362219872,
        "84": 8.86228913500824,
        "maximum": 9.204827278857062,
        "median": 6.236071362219872
    },
    "J0711-6830_dm_gp_log10_A": {
        "16": -17.279104738332418,
        "50": -15.792613176175685,
        "84": -14.096659760993795,
        "maximum": -13.92252954647968,
        "median": -15.792613176175685
    },
    "J0711-6830_red_noise_gamma": {
        "16": 0.8220629840800683,
        "50": 1.119045250309858,
        "84": 1.4363958627759876,
        "maximum": 1.092921369295437,
        "median": 1.119045250309858
    },
    "J0711-6830_red_noise_log10_A": {
        "16": -13.105097268271123,
        "50": -13.03693413483056,
        "84": -12.97153666490597,
        "maximum": -13.170305287556237,
        "median": -13.03693413483056
    },
    "nmodel": {
        "16": -0.33956556779834596,
        "50": 0.00012742228098466812,
        "84": 0.33998978766452953,
        "maximum": 0.35999952212026676,
        "median": 0.00012742228098466812
    }
}