{
    "J1017-7156_CASPSR_40CM_efac": {
        "16": 0.919635282743299,
        "50": 0.9609755723579992,
        "84": 1.003998221349257,
        "maximum": 0.9549023407312407,
        "median": 0.9609755723579992
    },
    "J1017-7156_CASPSR_40CM_log10_ecorr": {
        "16": -6.293015049496319,
        "50": -6.221443795300223,
        "84": -6.1581886289233045,
        "maximum": -6.220650859704345,
        "median": -6.221443795300223
    },
    "J1017-7156_CASPSR_40CM_log10_equad": {
        "16": -8.18905489363819,
        "50": -7.5377329569487745,
        "84": -6.862232633375189,
        "maximum": -7.767739445970064,
        "median": -7.5377329569487745
    },
    "J1017-7156_PDFB_10CM_efac": {
        "16": 0.8927914861279325,
        "50": 0.9312264714551198,
        "84": 0.9705245143201966,
        "maximum": 0.9238775975129905,
        "median": 0.9312264714551198
    },
    "J1017-7156_PDFB_10CM_log10_ecorr": {
        "16": -7.989351027285096,
        "50": -6.99142994503569,
        "84": -6.421192053416503,
        "maximum": -6.449258517391393,
        "median": -6.99142994503569
    },
    "J1017-7156_PDFB_10CM_log10_equad": {
        "16": -8.16408762070786,
        "50": -7.468274736045725,
        "84": -6.748551659856486,
        "maximum": -8.199460874363583,
        "median": -7.468274736045725
    },
    "J1017-7156_PDFB_20CM_efac": {
        "16": 1.0178579822708698,
        "50": 1.0337682093529317,
        "84": 1.0494254197596882,
        "maximum": 1.0333744899060955,
        "median": 1.0337682093529317
    },
    "J1017-7156_PDFB_20CM_log10_ecorr": {
        "16": -8.044171420960609,
        "50": -7.251644747400515,
        "84": -6.918132290002179,
        "maximum": -6.956076364217325,
        "median": -7.251644747400515
    },
    "J1017-7156_PDFB_20CM_log10_equad": {
        "16": -8.209782540857127,
        "50": -7.610737714819282,
        "84": -7.0268823902612585,
        "maximum": -7.051439450910872,
        "median": -7.610737714819282
    },
    "J1017-7156_PDFB_40CM_efac": {
        "16": 0.9875639558904292,
        "50": 1.0174285102770741,
        "84": 1.047759416503039,
        "maximum": 1.0150215477049473,
        "median": 1.0174285102770741
    },
    "J1017-7156_PDFB_40CM_log10_ecorr": {
        "16": -7.9476779459951805,
        "50": -6.868458947370838,
        "84": -6.2845609656523145,
        "maximum": -6.30627194656229,
        "median": -6.868458947370838
    },
    "J1017-7156_PDFB_40CM_log10_equad": {
        "16": -8.131660947033838,
        "50": -7.392647419531061,
        "84": -6.619434196802681,
        "maximum": -7.59311582887116,
        "median": -7.392647419531061
    },
    "J1017-7156_chromatic_gp_gamma": {
        "16": 2.959441913268459,
        "50": 3.2611449930973477,
        "84": 3.5979122634482765,
        "maximum": 3.204108597679067,
        "median": 3.2611449930973477
    },
    "J1017-7156_chromatic_gp_log10_A": {
        "16": -12.99641437751266,
        "50": -12.947442278142745,
        "84": -12.894324474055404,
        "maximum": -12.964713542144308,
        "median": -12.947442278142745
    },
    "nmodel": {
        "16": -0.33977478556040036,
        "50": -0.0026249127683133366,
        "84": 0.3378801023503281,
        "maximum": -0.1199845420787844,
        "median": -0.0026249127683133366
    }
}