{
    "J1017-7156_CASPSR_40CM_efac": 0.9500898591476656,
    "J1017-7156_CASPSR_40CM_log10_ecorr": -6.2238211401001875,
    "J1017-7156_CASPSR_40CM_log10_equad": -7.863228590651094,
    "J1017-7156_PDFB_10CM_efac": 0.9218148778824311,
    "J1017-7156_PDFB_10CM_log10_ecorr": -6.449274392564142,
    "J1017-7156_PDFB_10CM_log10_equad": -7.591492002018053,
    "J1017-7156_PDFB_20CM_efac": 1.0316646647950565,
    "J1017-7156_PDFB_20CM_log10_ecorr": -6.975378830809108,
    "J1017-7156_PDFB_20CM_log10_equad": -7.179888699936217,
    "J1017-7156_PDFB_40CM_efac": 1.0147655457736018,
    "J1017-7156_PDFB_40CM_log10_ecorr": -6.303308193083504,
    "J1017-7156_PDFB_40CM_log10_equad": -7.266211196225819,
    "J1017-7156_chromatic_gp_gamma": 3.204108597679067,
    "J1017-7156_chromatic_gp_log10_A": -12.95722626873605,
    "nmodel": -0.11999745705019677
}