{
    "J1022+1001_CASPSR_40CM_efac": 1.0361006514653908,
    "J1022+1001_CASPSR_40CM_log10_ecorr": -6.209682651809065,
    "J1022+1001_CASPSR_40CM_log10_equad": -6.500123612247792,
    "J1022+1001_CPSR2_20CM_efac": 1.122103527787358,
    "J1022+1001_CPSR2_20CM_log10_ecorr": -5.997462533297778,
    "J1022+1001_CPSR2_20CM_log10_equad": -5.502114039214137,
    "J1022+1001_CPSR2_50CM_efac": 1.0425118387565409,
    "J1022+1001_CPSR2_50CM_log10_ecorr": -5.60988942386958,
    "J1022+1001_CPSR2_50CM_log10_equad": -7.178978119972005,
    "J1022+1001_PDFB1_10CM_efac": 1.0523909779430207,
    "J1022+1001_PDFB1_10CM_log10_ecorr": -5.685085107439264,
    "J1022+1001_PDFB1_10CM_log10_equad": -7.532881999697169,
    "J1022+1001_PDFB1_1433_efac": 0.9338054970364287,
    "J1022+1001_PDFB1_1433_log10_ecorr": -5.700968350737216,
    "J1022+1001_PDFB1_1433_log10_equad": -6.932839676176898,
    "J1022+1001_PDFB1_20CM_efac": 1.1391246870720024,
    "J1022+1001_PDFB1_20CM_log10_ecorr": -5.942212070368767,
    "J1022+1001_PDFB1_20CM_log10_equad": -7.35418790784982,
    "J1022+1001_PDFB1_early_10CM_efac": 1.053358713003005,
    "J1022+1001_PDFB1_early_10CM_log10_ecorr": -8.499973858519748,
    "J1022+1001_PDFB1_early_10CM_log10_equad": -5.216115715637086,
    "J1022+1001_PDFB1_early_20CM_efac": 1.074979930349833,
    "J1022+1001_PDFB1_early_20CM_log10_ecorr": -5.941383487387721,
    "J1022+1001_PDFB1_early_20CM_log10_equad": -6.25944882989415,
    "J1022+1001_PDFB_10CM_efac": 1.0214802509914482,
    "J1022+1001_PDFB_10CM_log10_ecorr": -5.528709839463168,
    "J1022+1001_PDFB_10CM_log10_equad": -6.1660368797216565,
    "J1022+1001_PDFB_20CM_efac": 1.1234705090648254,
    "J1022+1001_PDFB_20CM_log10_ecorr": -5.923973878693593,
    "J1022+1001_PDFB_20CM_log10_equad": -7.7624906081943195,
    "J1022+1001_PDFB_40CM_efac": 1.1532605327717957,
    "J1022+1001_PDFB_40CM_log10_ecorr": -6.132414186283578,
    "J1022+1001_PDFB_40CM_log10_equad": -6.7882706068254866,
    "J1022+1001_WBCORR_10CM_efac": 1.1769752459795984,
    "J1022+1001_WBCORR_10CM_log10_ecorr": -5.953621581240677,
    "J1022+1001_WBCORR_10CM_log10_equad": -7.375572297660039,
    "J1022+1001_dm_gp_gamma": 1.7242668694720014,
    "J1022+1001_dm_gp_log10_A": -13.41271475903486,
    "nmodel": 0.04000028406242251
}