{
    "J1024-0719_CASPSR_40CM_efac": {
        "16": 0.9590452343457635,
        "50": 1.086224152827965,
        "84": 1.2423341076399665,
        "maximum": 1.0419976121469512,
        "median": 1.086224152827965
    },
    "J1024-0719_CASPSR_40CM_log10_equad": {
        "16": -8.13459886717739,
        "50": -7.383350237630409,
        "84": -6.601813588092465,
        "maximum": -7.212073766985382,
        "median": -7.383350237630409
    },
    "J1024-0719_CPSR2_20CM_efac": {
        "16": 1.0128575066156258,
        "50": 1.0577832598511407,
        "84": 1.1054340427353087,
        "maximum": 1.0493739609015311,
        "median": 1.0577832598511407
    },
    "J1024-0719_CPSR2_20CM_log10_equad": {
        "16": -8.084133425936885,
        "50": -7.210202502621549,
        "84": -6.3284343161909105,
        "maximum": -8.318720788443951,
        "median": -7.210202502621549
    },
    "J1024-0719_CPSR2_50CM_efac": {
        "16": 1.1295352009695825,
        "50": 1.198875994021471,
        "84": 1.2749104479731355,
        "maximum": 1.1902485369187419,
        "median": 1.198875994021471
    },
    "J1024-0719_CPSR2_50CM_log10_equad": {
        "16": -8.058524153981026,
        "50": -7.1133993387080166,
        "84": -6.195356045091709,
        "maximum": -6.3462160883431515,
        "median": -7.1133993387080166
    },
    "J1024-0719_PDFB1_10CM_efac": {
        "16": 0.8739397773061728,
        "50": 1.1536300000468478,
        "84": 1.5465949219267803,
        "maximum": 0.9897310873353073,
        "median": 1.1536300000468478
    },
    "J1024-0719_PDFB1_10CM_log10_equad": {
        "16": -7.938491484817245,
        "50": -6.73856604013617,
        "84": -5.5564541332619815,
        "maximum": -5.28003281970949,
        "median": -6.73856604013617
    },
    "J1024-0719_PDFB1_1433_efac": {
        "16": 0.9877845458750301,
        "50": 1.1212274256180068,
        "84": 1.2785942928675997,
        "maximum": 1.0812384865396503,
        "median": 1.1212274256180068
    },
    "J1024-0719_PDFB1_1433_log10_equad": {
        "16": -8.10558652846694,
        "50": -7.268451740495174,
        "84": -6.431307761390519,
        "maximum": -8.441414554718317,
        "median": -7.268451740495174
    },
    "J1024-0719_PDFB1_20CM_efac": {
        "16": 0.9625006370042908,
        "50": 1.0156165044479764,
        "84": 1.0724618160739938,
        "maximum": 1.014159241546227,
        "median": 1.0156165044479764
    },
    "J1024-0719_PDFB1_20CM_log10_equad": {
        "16": -8.151860955182311,
        "50": -7.417106256020029,
        "84": -6.665138769767923,
        "maximum": -8.050894615628211,
        "median": -7.417106256020029
    },
    "J1024-0719_PDFB1_early_10CM_efac": {
        "16": 0.851658251609247,
        "50": 1.281253138446219,
        "84": 2.0002139421720244,
        "maximum": 1.0016830702446842,
        "median": 1.281253138446219
    },
    "J1024-0719_PDFB1_early_10CM_log10_equad": {
        "16": -7.927171845800848,
        "50": -6.732510825842252,
        "84": -5.559302710785786,
        "maximum": -5.28001314621158,
        "median": -6.732510825842252
    },
    "J1024-0719_PDFB1_early_20CM_efac": {
        "16": 0.9426147270587849,
        "50": 1.0094978866759496,
        "84": 1.0832610863964107,
        "maximum": 0.9943269889578844,
        "median": 1.0094978866759496
    },
    "J1024-0719_PDFB1_early_20CM_log10_equad": {
        "16": -8.143335013526254,
        "50": -7.406080443238335,
        "84": -6.6448233144820295,
        "maximum": -8.021158772454305,
        "median": -7.406080443238335
    },
    "J1024-0719_PDFB_10CM_efac": {
        "16": 0.9687239594614357,
        "50": 1.0125523864143655,
        "84": 1.0566683595594293,
        "maximum": 1.0082659837231398,
        "median": 1.0125523864143655
    },
    "J1024-0719_PDFB_10CM_log10_equad": {
        "16": -8.058821190111965,
        "50": -7.146407867206266,
        "84": -6.212050347554269,
        "maximum": -7.634152824194765,
        "median": -7.146407867206266
    },
    "J1024-0719_PDFB_20CM_efac": {
        "16": 1.0690195043031279,
        "50": 1.0928458068231552,
        "84": 1.1172425165960376,
        "maximum": 1.0868828948306173,
        "median": 1.0928458068231552
    },
    "J1024-0719_PDFB_20CM_log10_equad": {
        "16": -8.103186335940663,
        "50": -7.272687985208696,
        "84": -6.5738166829242,
        "maximum": -6.566455547157766,
        "median": -7.272687985208696
    },
    "J1024-0719_PDFB_40CM_efac": {
        "16": 1.0179275578270865,
        "50": 1.0576220217720487,
        "84": 1.0990036738973163,
        "maximum": 1.0589719890359852,
        "median": 1.0576220217720487
    },
    "J1024-0719_PDFB_40CM_log10_equad": {
        "16": -8.122728029340841,
        "50": -7.337567814779111,
        "84": -6.548349613172259,
        "maximum": -7.244807604206773,
        "median": -7.337567814779111
    },
    "J1024-0719_WBCORR_10CM_efac": {
        "16": 1.0252537977028073,
        "50": 1.1542261350651426,
        "84": 1.306414114358482,
        "maximum": 1.1243352497999015,
        "median": 1.1542261350651426
    },
    "J1024-0719_WBCORR_10CM_log10_equad": {
        "16": -8.00700633121146,
        "50": -6.9567310547587295,
        "84": -5.894086901613772,
        "maximum": -6.6100487073964915,
        "median": -6.9567310547587295
    },
    "J1024-0719_dm_gp_gamma": {
        "16": 3.73359568297541,
        "50": 5.357923310148436,
        "84": 7.974585105863227,
        "maximum": 3.962300853988784,
        "median": 5.357923310148436
    },
    "J1024-0719_dm_gp_log10_A": {
        "16": -16.102268889166048,
        "50": -14.737053731451768,
        "84": -13.948577540692721,
        "maximum": -14.054633975133626,
        "median": -14.737053731451768
    },
    "nmodel": {
        "16": -0.33983641549421534,
        "50": 0.0003555023051324824,
        "84": 0.34013309045176776,
        "maximum": 0.41999921825532427,
        "median": 0.0003555023051324824
    }
}