{
    "J1022+1001_CASPSR_40CM_efac": {
        "16": 0.989377638935474,
        "50": 1.041572724323232,
        "84": 1.0964251818177169,
        "maximum": 1.0361006514653908,
        "median": 1.041572724323232
    },
    "J1022+1001_CASPSR_40CM_log10_ecorr": {
        "16": -7.763074842562194,
        "50": -6.512870112478417,
        "84": -6.112846884223617,
        "maximum": -6.209682651809065,
        "median": -6.512870112478417
    },
    "J1022+1001_CASPSR_40CM_log10_equad": {
        "16": -8.119962343456043,
        "50": -7.302342947890345,
        "84": -6.543689501622393,
        "maximum": -6.500123612247792,
        "median": -7.302342947890345
    },
    "J1022+1001_CPSR2_20CM_efac": {
        "16": 1.091684584710481,
        "50": 1.1360570952983309,
        "84": 1.1814023471491497,
        "maximum": 1.122103527787358,
        "median": 1.1360570952983309
    },
    "J1022+1001_CPSR2_20CM_log10_ecorr": {
        "16": -6.2197154241350505,
        "50": -5.989163104049877,
        "84": -5.875722999659742,
        "maximum": -5.997462533297778,
        "median": -5.989163104049877
    },
    "J1022+1001_CPSR2_20CM_log10_equad": {
        "16": -5.532541220332031,
        "50": -5.496597048990219,
        "84": -5.462217470604206,
        "maximum": -5.502114039214137,
        "median": -5.496597048990219
    },
    "J1022+1001_CPSR2_50CM_efac": {
        "16": 1.0147067685489637,
        "50": 1.0477390935933126,
        "84": 1.0823564845395635,
        "maximum": 1.0425118387565409,
        "median": 1.0477390935933126
    },
    "J1022+1001_CPSR2_50CM_log10_ecorr": {
        "16": -5.665151946573578,
        "50": -5.61365120285111,
        "84": -5.564756902980728,
        "maximum": -5.60988942386958,
        "median": -5.61365120285111
    },
    "J1022+1001_CPSR2_50CM_log10_equad": {
        "16": -8.159512720590202,
        "50": -7.4390506262267655,
        "84": -6.7179403477763975,
        "maximum": -7.178978119972005,
        "median": -7.4390506262267655
    },
    "J1022+1001_PDFB1_10CM_efac": {
        "16": 1.0081753324798683,
        "50": 1.0692387702066763,
        "84": 1.1331456630086616,
        "maximum": 1.0523909779430207,
        "median": 1.0692387702066763
    },
    "J1022+1001_PDFB1_10CM_log10_ecorr": {
        "16": -7.440280189924746,
        "50": -5.871396884542059,
        "84": -5.5805674598999975,
        "maximum": -5.685085107439264,
        "median": -5.871396884542059
    },
    "J1022+1001_PDFB1_10CM_log10_equad": {
        "16": -8.05038507479673,
        "50": -7.1326323158407865,
        "84": -6.2028138555836385,
        "maximum": -7.532881999697169,
        "median": -7.1326323158407865
    },
    "J1022+1001_PDFB1_1433_efac": {
        "16": 0.869866981382218,
        "50": 0.9733990565784538,
        "84": 1.09882359813132,
        "maximum": 0.9338054970364287,
        "median": 0.9733990565784538
    },
    "J1022+1001_PDFB1_1433_log10_ecorr": {
        "16": -5.938270505783901,
        "50": -5.716210674963859,
        "84": -5.535342079140992,
        "maximum": -5.700968350737216,
        "median": -5.716210674963859
    },
    "J1022+1001_PDFB1_1433_log10_equad": {
        "16": -8.064489059435962,
        "50": -7.144242050809015,
        "84": -6.228370748522492,
        "maximum": -6.932839676176898,
        "median": -7.144242050809015
    },
    "J1022+1001_PDFB1_20CM_efac": {
        "16": 1.094955959242767,
        "50": 1.1392196104508991,
        "84": 1.1853042656593213,
        "maximum": 1.1391246870720024,
        "median": 1.1392196104508991
    },
    "J1022+1001_PDFB1_20CM_log10_ecorr": {
        "16": -6.019091095934102,
        "50": -5.930201454130254,
        "84": -5.84431346060972,
        "maximum": -5.942212070368767,
        "median": -5.930201454130254
    },
    "J1022+1001_PDFB1_20CM_log10_equad": {
        "16": -8.155243753185303,
        "50": -7.421680897936569,
        "84": -6.704456122450857,
        "maximum": -7.35418790784982,
        "median": -7.421680897936569
    },
    "J1022+1001_PDFB1_early_10CM_efac": {
        "16": 0.7224620354269284,
        "50": 1.030037760406469,
        "84": 1.146197232045979,
        "maximum": 1.053358713003005,
        "median": 1.030037760406469
    },
    "J1022+1001_PDFB1_early_10CM_log10_ecorr": {
        "16": -8.069464244933526,
        "50": -7.164098164565905,
        "84": -6.225509890110578,
        "maximum": -8.499973858519748,
        "median": -7.164098164565905
    },
    "J1022+1001_PDFB1_early_10CM_log10_equad": {
        "16": -7.700635934570768,
        "50": -6.078132124975024,
        "84": -5.281702069497531,
        "maximum": -5.216115715637086,
        "median": -6.078132124975024
    },
    "J1022+1001_PDFB1_early_20CM_efac": {
        "16": 1.0226817479016155,
        "50": 1.0898556458426112,
        "84": 1.1608775816878196,
        "maximum": 1.074979930349833,
        "median": 1.0898556458426112
    },
    "J1022+1001_PDFB1_early_20CM_log10_ecorr": {
        "16": -6.03809817878239,
        "50": -5.930000042049261,
        "84": -5.822655685713954,
        "maximum": -5.941383487387721,
        "median": -5.930000042049261
    },
    "J1022+1001_PDFB1_early_20CM_log10_equad": {
        "16": -7.927403637563556,
        "50": -6.787508006164028,
        "84": -6.235419903504738,
        "maximum": -6.25944882989415,
        "median": -6.787508006164028
    },
    "J1022+1001_PDFB_10CM_efac": {
        "16": 0.9990326776530012,
        "50": 1.0231363861496106,
        "84": 1.043909081652493,
        "maximum": 1.0214802509914482,
        "median": 1.0231363861496106
    },
    "J1022+1001_PDFB_10CM_log10_ecorr": {
        "16": -5.548135652702562,
        "50": -5.52422956210099,
        "84": -5.499865802432354,
        "maximum": -5.528709839463168,
        "median": -5.52422956210099
    },
    "J1022+1001_PDFB_10CM_log10_equad": {
        "16": -8.018267267058935,
        "50": -7.002628167293836,
        "84": -6.199937551638196,
        "maximum": -6.1660368797216565,
        "median": -7.002628167293836
    },
    "J1022+1001_PDFB_20CM_efac": {
        "16": 1.1051923369669683,
        "50": 1.1232101139437436,
        "84": 1.1413544048738393,
        "maximum": 1.1234705090648254,
        "median": 1.1232101139437436
    },
    "J1022+1001_PDFB_20CM_log10_ecorr": {
        "16": -5.950399427682047,
        "50": -5.922221452178283,
        "84": -5.893642924908313,
        "maximum": -5.923973878693593,
        "median": -5.922221452178283
    },
    "J1022+1001_PDFB_20CM_log10_equad": {
        "16": -8.257969676243173,
        "50": -7.749844802367903,
        "84": -7.217518363993925,
        "maximum": -7.7624906081943195,
        "median": -7.749844802367903
    },
    "J1022+1001_PDFB_40CM_efac": {
        "16": 1.1266092881196792,
        "50": 1.158978256750843,
        "84": 1.1926316585692847,
        "maximum": 1.1532605327717957,
        "median": 1.158978256750843
    },
    "J1022+1001_PDFB_40CM_log10_ecorr": {
        "16": -6.29660126028151,
        "50": -6.113879896345711,
        "84": -6.01516594640151,
        "maximum": -6.132414186283578,
        "median": -6.113879896345711
    },
    "J1022+1001_PDFB_40CM_log10_equad": {
        "16": -8.103857940616294,
        "50": -7.296794498911848,
        "84": -6.703146694021057,
        "maximum": -6.7882706068254866,
        "median": -7.296794498911848
    },
    "J1022+1001_WBCORR_10CM_efac": {
        "16": 1.1309972136412325,
        "50": 1.176999763068132,
        "84": 1.2248509534381022,
        "maximum": 1.1769752459795984,
        "median": 1.176999763068132
    },
    "J1022+1001_WBCORR_10CM_log10_ecorr": {
        "16": -7.936262344643727,
        "50": -6.752571651739856,
        "84": -5.943329623922808,
        "maximum": -5.953621581240677,
        "median": -6.752571651739856
    },
    "J1022+1001_WBCORR_10CM_log10_equad": {
        "16": -8.052388931261197,