{
    "J1045-4509_CASPSR_40CM_efac": {
        "16": 1.2870249340516067,
        "50": 1.3456461965728699,
        "84": 1.4080179666586243,
        "maximum": 1.3370788231539112,
        "median": 1.3456461965728699
    },
    "J1045-4509_CASPSR_40CM_log10_equad": {
        "16": -8.079024315711699,
        "50": -7.188262366293671,
        "84": -6.287684076570876,
        "maximum": -6.892731198990964,
        "median": -7.188262366293671
    },
    "J1045-4509_CPSR2_20CM_efac": {
        "16": 1.0156472123052016,
        "50": 1.044521790285254,
        "84": 1.0740409873701002,
        "maximum": 1.0405086323793653,
        "median": 1.044521790285254
    },
    "J1045-4509_CPSR2_20CM_log10_equad": {
        "16": -8.014494356347475,
        "50": -6.999257544697302,
        "84": -5.988799412381093,
        "maximum": -6.888278732840975,
        "median": -6.999257544697302
    },
    "J1045-4509_CPSR2_50CM_efac": {
        "16": 1.0290057475961816,
        "50": 1.0603781692693115,
        "84": 1.0911746615917228,
        "maximum": 1.0538023571021986,
        "median": 1.0603781692693115
    },
    "J1045-4509_CPSR2_50CM_log10_equad": {
        "16": -8.003478107641323,
        "50": -6.961441849235131,
        "84": -5.9408000099591325,
        "maximum": -5.828707237728127,
        "median": -6.961441849235131
    },
    "J1045-4509_PDFB1_10CM_efac": {
        "16": 0.7802887136600721,
        "50": 0.9058386206438034,
        "84": 1.0636679287333624,
        "maximum": 0.8531290960517578,
        "median": 0.9058386206438034
    },
    "J1045-4509_PDFB1_10CM_log10_equad": {
        "16": -7.9475406666372335,
        "50": -6.773088067950272,
        "84": -5.597771555293652,
        "maximum": -7.869998560361122,
        "median": -6.773088067950272
    },
    "J1045-4509_PDFB1_1433_efac": {
        "16": 0.8166311959380371,
        "50": 0.9551553710791578,
        "84": 1.087798861843758,
        "maximum": 0.942522610872088,
        "median": 0.9551553710791578
    },
    "J1045-4509_PDFB1_1433_log10_equad": {
        "16": -7.8769058139600485,
        "50": -6.569728753299817,
        "84": -5.608440334568949,
        "maximum": -5.566878185245979,
        "median": -6.569728753299817
    },
    "J1045-4509_PDFB1_20CM_efac": {
        "16": 1.1002399218226848,
        "50": 1.1743599265005087,
        "84": 1.2542701878852327,
        "maximum": 1.1526619645873186,
        "median": 1.1743599265005087
    },
    "J1045-4509_PDFB1_20CM_log10_equad": {
        "16": -8.037083126515556,
        "50": -7.073469117640219,
        "84": -6.103904864894851,
        "maximum": -7.976917765736767,
        "median": -7.073469117640219
    },
    "J1045-4509_PDFB1_early_10CM_efac": {
        "16": 0.9695346381218389,
        "50": 1.216909094117323,
        "84": 1.5733414764123483,
        "maximum": 1.1210289451588684,
        "median": 1.216909094117323
    },
    "J1045-4509_PDFB1_early_10CM_log10_equad": {
        "16": -7.927189073849499,
        "50": -6.739850184826956,
        "84": -5.54714162250081,
        "maximum": -5.070006547284676,
        "median": -6.739850184826956
    },
    "J1045-4509_PDFB1_early_20CM_efac": {
        "16": 1.15825733069724,
        "50": 1.2314304496596935,
        "84": 1.310181638209979,
        "maximum": 1.2233731266401953,
        "median": 1.2314304496596935
    },
    "J1045-4509_PDFB1_early_20CM_log10_equad": {
        "16": -8.047791033968172,
        "50": -7.094095318052616,
        "84": -6.124693217283559,
        "maximum": -7.2086252230853916,
        "median": -7.094095318052616
    },
    "J1045-4509_PDFB_10CM_efac": {
        "16": 1.0516351336910974,
        "50": 1.0818376817612387,
        "84": 1.112311817023768,
        "maximum": 1.0775550497865094,
        "median": 1.0818376817612387
    },
    "J1045-4509_PDFB_10CM_log10_equad": {
        "16": -8.003323402555377,
        "50": -6.949727252774531,
        "84": -5.90502156194583,
        "maximum": -6.130252927250066,
        "median": -6.949727252774531
    },
    "J1045-4509_PDFB_20CM_efac": {
        "16": 0.9499085532658331,
        "50": 0.987626422710033,
        "84": 1.0308696264390587,
        "maximum": 0.9771031126301999,
        "median": 0.987626422710033
    },
    "J1045-4509_PDFB_20CM_log10_equad": {
        "16": -6.204567634028719,
        "50": -5.78426757751784,
        "84": -5.6794540170303645,
        "maximum": -5.725372788910873,
        "median": -5.78426757751784
    },
    "J1045-4509_PDFB_40CM_efac": {
        "16": 1.081096166126644,
        "50": 1.1178556372219206,
        "84": 1.1493188744709821,
        "maximum": 1.1178512414819641,
        "median": 1.1178556372219206
    },
    "J1045-4509_PDFB_40CM_log10_equad": {
        "16": -7.95351121800615,
        "50": -6.824226891730456,
        "84": -5.830368697966485,
        "maximum": -5.745824256049723,
        "median": -6.824226891730456
    },
    "J1045-4509_WBCORR_10CM_efac": {
        "16": 0.9788340057513737,
        "50": 1.1207262429514073,
        "84": 1.2877267694785388,
        "maximum": 1.0740451993085758,
        "median": 1.1207262429514073
    },
    "J1045-4509_WBCORR_10CM_log10_equad": {
        "16": -7.895680041607326,
        "50": -6.641204002632178,
        "84": -5.426246869113965,
        "maximum": -5.070002125206553,
        "median": -6.641204002632178
    },
    "J1045-4509_chromatic_gp_gamma": {
        "16": 2.6384908475491944,
        "50": 2.854792998616487,
        "84": 3.0913380813207256,
        "maximum": 2.7965972307830205,
        "median": 2.854792998616487
    },
    "J1045-4509_chromatic_gp_log10_A": {
        "16": -12.392313320829746,
        "50": -12.35410335603313,
        "84": -12.314645437121868,
        "maximum": -12.35661352756151,
        "median": -12.35410335603313
    },
    "nmodel": {
        "16": -0.3400769220255346,
        "50": 0.00036148597220625467,
        "84": 0.3396756705670616,
        "maximum": 0.10000011599344982,
        "median": 0.00036148597220625467
    }
}