{
    "J1045-4509_CASPSR_40CM_efac": 1.3370788231539112,
    "J1045-4509_CASPSR_40CM_log10_equad": -6.892731198990964,
    "J1045-4509_CPSR2_20CM_efac": 1.0405086323793653,
    "J1045-4509_CPSR2_20CM_log10_equad": -6.888278732840975,
    "J1045-4509_CPSR2_50CM_efac": 1.0538023571021986,
    "J1045-4509_CPSR2_50CM_log10_equad": -5.828707237728127,
    "J1045-4509_PDFB1_10CM_efac": 0.8531290960517578,
    "J1045-4509_PDFB1_10CM_log10_equad": -7.869998560361122,
    "J1045-4509_PDFB1_1433_efac": 0.942522610872088,
    "J1045-4509_PDFB1_1433_log10_equad": -5.566878185245979,
    "J1045-4509_PDFB1_20CM_efac": 1.1526619645873186,
    "J1045-4509_PDFB1_20CM_log10_equad": -7.976917765736767,
    "J1045-4509_PDFB1_early_10CM_efac": 1.1210289451588684,
    "J1045-4509_PDFB1_early_10CM_log10_equad": -5.070006547284676,
    "J1045-4509_PDFB1_early_20CM_efac": 1.2233731266401953,
    "J1045-4509_PDFB1_early_20CM_log10_equad": -7.2086252230853916,
    "J1045-4509_PDFB_10CM_efac": 1.0775550497865094,
    "J1045-4509_PDFB_10CM_log10_equad": -6.130252927250066,
    "J1045-4509_PDFB_20CM_efac": 0.9771031126301999,
    "J1045-4509_PDFB_20CM_log10_equad": -5.725372788910873,
    "J1045-4509_PDFB_40CM_efac": 1.1178512414819641,
    "J1045-4509_PDFB_40CM_log10_equad": -5.745824256049723,
    "J1045-4509_WBCORR_10CM_efac": 1.0740451993085758,
    "J1045-4509_WBCORR_10CM_log10_equad": -5.070002125206553,
    "J1045-4509_chromatic_gp_gamma": 2.7965972307830205,
    "J1045-4509_chromatic_gp_log10_A": -12.35661352756151,
    "nmodel": 0.10000011599344982
}