{
    "J1125-6014_CASPSR_40CM_efac": {
        "16": 0.9172155885854651,
        "50": 0.9720761167320987,
        "84": 1.0321018140595568,
        "maximum": 0.9616881797976158,
        "median": 0.9720761167320987
    },
    "J1125-6014_CASPSR_40CM_log10_equad": {
        "16": -8.17590672116671,
        "50": -7.493939261620541,
        "84": -6.790065843891533,
        "maximum": -8.09446628122182,
        "median": -7.493939261620541
    },
    "J1125-6014_PDFB1_20CM_efac": {
        "16": 0.6466886203603501,
        "50": 1.2211102338323703,
        "84": 1.4440727009498047,
        "maximum": 1.3068357966340582,
        "median": 1.2211102338323703
    },
    "J1125-6014_PDFB1_20CM_log10_equad": {
        "16": -7.638119369892696,
        "50": -5.9767928853563665,
        "84": -5.5140119317405,
        "maximum": -5.52056792730197,
        "median": -5.9767928853563665
    },
    "J1125-6014_PDFB1_early_20CM_efac": {
        "16": 0.5442414578949519,
        "50": 0.9173686865790247,
        "84": 1.669910180670191,
        "maximum": 0.6087343054182317,
        "median": 0.9173686865790247
    },
    "J1125-6014_PDFB1_early_20CM_log10_equad": {
        "16": -7.97534286910574,
        "50": -6.8852204516414135,
        "84": -5.851014010212628,
        "maximum": -5.840051556595479,
        "median": -6.8852204516414135
    },
    "J1125-6014_PDFB_10CM_efac": {
        "16": 0.9868718736606118,
        "50": 1.0334360691014888,
        "84": 1.0836018945050794,
        "maximum": 1.0228703150497451,
        "median": 1.0334360691014888
    },
    "J1125-6014_PDFB_10CM_log10_equad": {
        "16": -8.260392103385087,
        "50": -7.766353769733118,
        "84": -7.21834244633228,
        "maximum": -8.202005533232118,
        "median": -7.766353769733118
    },
    "J1125-6014_PDFB_20CM_efac": {
        "16": 1.0635346790203606,
        "50": 1.0892933050620404,
        "84": 1.1159334876257834,
        "maximum": 1.088287350751363,
        "median": 1.0892933050620404
    },
    "J1125-6014_PDFB_20CM_log10_equad": {
        "16": -8.21747971308172,
        "50": -7.627914330084238,
        "84": -7.0310046626700835,
        "maximum": -7.780811586486402,
        "median": -7.627914330084238
    },
    "J1125-6014_dm_gp_gamma": {
        "16": 2.800730686746904,
        "50": 3.1465776987786653,
        "84": 3.5566678769966473,
        "maximum": 3.067940257819524,
        "median": 3.1465776987786653
    },
    "J1125-6014_dm_gp_log10_A": {
        "16": -13.238781541630996,
        "50": -13.145472837439351,
        "84": -13.058477316967917,
        "maximum": -13.143863669529523,
        "median": -13.145472837439351
    },
    "nmodel": {
        "16": -0.3396778180459397,
        "50": -0.00011206848032296879,
        "84": 0.34131489465838966,
        "maximum": 0.4399977808947384,
        "median": -0.00011206848032296879
    }
}