{
    "J1125-6014_CASPSR_40CM_efac": 0.9598389651163116,
    "J1125-6014_CASPSR_40CM_log10_equad": -7.587579101980081,
    "J1125-6014_PDFB1_20CM_efac": 1.3068357966340582,
    "J1125-6014_PDFB1_20CM_log10_equad": -5.508248196021803,
    "J1125-6014_PDFB1_early_20CM_efac": 0.6087343054182317,
    "J1125-6014_PDFB1_early_20CM_log10_equad": -5.840051556595479,
    "J1125-6014_PDFB_10CM_efac": 1.0228703150497451,
    "J1125-6014_PDFB_10CM_log10_equad": -8.202005533232118,
    "J1125-6014_PDFB_20CM_efac": 1.088287350751363,
    "J1125-6014_PDFB_20CM_log10_equad": -7.780811586486402,
    "J1125-6014_dm_gp_gamma": 3.067940257819524,
    "J1125-6014_dm_gp_log10_A": -13.143863669529523,
    "nmodel": 0.4399977808947384
}