{
    "J1446-4701_CASPSR_40CM_efac": 1.2275282723776124,
    "J1446-4701_CASPSR_40CM_log10_ecorr": -6.071448664347569,
    "J1446-4701_CASPSR_40CM_log10_equad": -5.70536708648064,
    "J1446-4701_PDFB_10CM_efac": 1.1368298190508745,
    "J1446-4701_PDFB_10CM_log10_ecorr": -6.588894442926776,
    "J1446-4701_PDFB_10CM_log10_equad": -6.768197013433215,
    "J1446-4701_PDFB_20CM_efac": 0.9367594339398517,
    "J1446-4701_PDFB_20CM_log10_ecorr": -6.043767514866671,
    "J1446-4701_PDFB_20CM_log10_equad": -6.394836072870168,
    "J1446-4701_PDFB_40CM_efac": 0.910670073564518,
    "J1446-4701_PDFB_40CM_log10_ecorr": -7.7366647175152625,
    "J1446-4701_PDFB_40CM_log10_equad": -6.991902544188305,
    "J1446-4701_dm_gp_gamma": 1.7999999413366077,
    "J1446-4701_dm_gp_log10_A": -13.348864154587146,
    "nmodel": 0.25999954365629396
}