{
    "J1446-4701_CASPSR_40CM_efac": {
        "16": 0.9776037526651571,
        "50": 1.226656181593824,
        "84": 1.4313405365794125,
        "maximum": 1.2275328042974958,
        "median": 1.226656181593824
    },
    "J1446-4701_CASPSR_40CM_log10_ecorr": {
        "16": -8.031158829989975,
        "50": -7.055906006880181,
        "84": -6.135002438788821,
        "maximum": -6.071448936774958,
        "median": -7.055906006880181
    },
    "J1446-4701_CASPSR_40CM_log10_equad": {
        "16": -7.933660615684149,
        "50": -6.754535467210983,
        "84": -5.81640550925718,
        "maximum": -5.70536708648064,
        "median": -6.754535467210983
    },
    "J1446-4701_PDFB_10CM_efac": {
        "16": 1.0323093997350168,
        "50": 1.1740531617907457,
        "84": 1.3375915821428725,
        "maximum": 1.1368298190508745,
        "median": 1.1740531617907457
    },
    "J1446-4701_PDFB_10CM_log10_ecorr": {
        "16": -8.102207510015418,
        "50": -7.272481633850734,
        "84": -6.445477363816702,
        "maximum": -6.943091006313708,
        "median": -7.272481633850734
    },
    "J1446-4701_PDFB_10CM_log10_equad": {
        "16": -8.093078149898112,
        "50": -7.241654135061084,
        "84": -6.383650824120508,
        "maximum": -7.5445210112908425,
        "median": -7.241654135061084
    },
    "J1446-4701_PDFB_20CM_efac": {
        "16": 0.8998553540780926,
        "50": 0.9470904961304567,
        "84": 0.9932859237081897,
        "maximum": 0.9367594339398517,
        "median": 0.9470904961304567
    },
    "J1446-4701_PDFB_20CM_log10_ecorr": {
        "16": -6.130375767216522,
        "50": -6.049060186131826,
        "84": -5.979901511877396,
        "maximum": -6.043767514866671,
        "median": -6.049060186131826
    },
    "J1446-4701_PDFB_20CM_log10_equad": {
        "16": -8.081290123367301,
        "50": -7.2095015339224995,
        "84": -6.421089022463096,
        "maximum": -6.394836072870168,
        "median": -7.2095015339224995
    },
    "J1446-4701_PDFB_40CM_efac": {
        "16": 0.8134808556920121,
        "50": 0.937938702655827,
        "84": 1.0707995676776458,
        "maximum": 0.9106675132491713,
        "median": 0.937938702655827
    },
    "J1446-4701_PDFB_40CM_log10_ecorr": {
        "16": -8.071945213654729,
        "50": -7.179849116709865,
        "84": -6.267692794438699,
        "maximum": -7.667270615021451,
        "median": -7.179849116709865
    },
    "J1446-4701_PDFB_40CM_log10_equad": {
        "16": -7.990940167572257,
        "50": -6.924398999113903,
        "84": -5.857350217888607,
        "maximum": -6.596475479668573,
        "median": -6.924398999113903
    },
    "J1446-4701_dm_gp_gamma": {
        "16": 1.3415028137767493,
        "50": 2.682549908503407,
        "84": 5.56962692095382,
        "maximum": 1.7999953005888885,
        "median": 2.682549908503407
    },
    "J1446-4701_dm_gp_log10_A": {
        "16": -17.74970817743598,
        "50": -13.70266907065506,
        "84": -13.233964470186459,
        "maximum": -13.34886268091891,
        "median": -13.70266907065506
    },
    "nmodel": {
        "16": -0.34043062526676804,
        "50": -0.0005669784927145871,
        "84": 0.3393519305266759,
        "maximum": 0.27999952664355787,
        "median": -0.0005669784927145871
    }
}