{
    "J1545-4550_CASPSR_40CM_efac": {
        "16": 0.26889843465609004,
        "50": 0.7945366887753861,
        "84": 1.1074658338290935,
        "maximum": 1.0465046866535215,
        "median": 0.7945366887753861
    },
    "J1545-4550_CASPSR_40CM_log10_equad": {
        "16": -7.332767635420807,
        "50": -5.591663977399199,
        "84": -5.419184648467202,
        "maximum": -5.448466596426429,
        "median": -5.591663977399199
    },
    "J1545-4550_PDFB_10CM_efac": {
        "16": 0.9959453919600372,
        "50": 1.037114243994594,
        "84": 1.0762973247785104,
        "maximum": 1.0285005918068575,
        "median": 1.037114243994594
    },
    "J1545-4550_PDFB_10CM_log10_equad": {
        "16": -8.094879352672889,
        "50": -7.238457746523067,
        "84": -6.485202253341683,
        "maximum": -6.4289794311288055,
        "median": -7.238457746523067
    },
    "J1545-4550_PDFB_20CM_efac": {
        "16": 0.9129996379264478,
        "50": 0.9336192029249583,
        "84": 0.9544135452775737,
        "maximum": 0.9291834752169649,
        "median": 0.9336192029249583
    },
    "J1545-4550_PDFB_20CM_log10_equad": {
        "16": -8.155944654159134,
        "50": -7.434109724412689,
        "84": -6.704035187256497,
        "maximum": -7.397196850049372,
        "median": -7.434109724412689
    },
    "J1545-4550_PDFB_40CM_efac": {
        "16": 1.1975858850112744,
        "50": 1.537100279971314,
        "84": 2.000314889464867,
        "maximum": 1.3240276660222925,
        "median": 1.537100279971314
    },
    "J1545-4550_PDFB_40CM_log10_equad": {
        "16": -7.908471368497057,
        "50": -6.666598937788678,
        "84": -5.436575126228588,
        "maximum": -5.070004471871455,
        "median": -6.666598937788678
    },
    "J1545-4550_dm_gp_gamma": {
        "16": 2.6807489585042035,
        "50": 3.646322397241797,
        "84": 5.142713106532114,
        "maximum": 3.0575068989472967,
        "median": 3.646322397241797
    },
    "J1545-4550_dm_gp_log10_A": {
        "16": -13.744816867811764,
        "50": -13.36763504020946,
        "84": -13.146225033663093,
        "maximum": -13.285429796656155,
        "median": -13.36763504020946
    },
    "nmodel": {
        "16": -0.3399381738153583,
        "50": -0.0007784595046536613,
        "84": 0.33997620933613243,
        "maximum": -0.15999986328052168,
        "median": -0.0007784595046536613
    }
}