{
    "J1545-4550_CASPSR_40CM_efac": 1.0465046866535215,
    "J1545-4550_CASPSR_40CM_log10_equad": -5.4484078119501556,
    "J1545-4550_PDFB_10CM_efac": 1.0321900249531697,
    "J1545-4550_PDFB_10CM_log10_equad": -6.4716778097679715,
    "J1545-4550_PDFB_20CM_efac": 0.9312546800589593,
    "J1545-4550_PDFB_20CM_log10_equad": -7.697546983785863,
    "J1545-4550_PDFB_40CM_efac": 1.290552399174117,
    "J1545-4550_PDFB_40CM_log10_equad": -5.0700015282634885,
    "J1545-4550_dm_gp_gamma": 3.113512442012744,
    "J1545-4550_dm_gp_log10_A": -13.244680367658496,
    "nmodel": 0.27999992164888043
}