{
    "J1600-3053_CASPSR_40CM_efac": {
        "16": 1.0586241098325073,
        "50": 1.1178948750157451,
        "84": 1.1776608126910022,
        "maximum": 1.1029263578619286,
        "median": 1.1178948750157451
    },
    "J1600-3053_CASPSR_40CM_log10_ecorr": {
        "16": -7.994933644038192,
        "50": -7.029570737505726,
        "84": -6.254996014570372,
        "maximum": -6.2094426831822975,
        "median": -7.029570737505726
    },
    "J1600-3053_CASPSR_40CM_log10_equad": {
        "16": -8.119479439387973,
        "50": -7.365677950900114,
        "84": -6.575753201481012,
        "maximum": -7.760011646595234,
        "median": -7.365677950900114
    },
    "J1600-3053_CPSR2_20CM_efac": {
        "16": 0.991258777395404,
        "50": 1.0117594780728778,
        "84": 1.0326127588694602,
        "maximum": 1.0170803892144447,
        "median": 1.0117594780728778
    },
    "J1600-3053_CPSR2_20CM_log10_ecorr": {
        "16": -7.5298740564608915,
        "50": -6.559922848612801,
        "84": -6.394295494428337,
        "maximum": -6.448404738945725,
        "median": -6.559922848612801
    },
    "J1600-3053_CPSR2_20CM_log10_equad": {
        "16": -8.12444774988129,
        "50": -7.412944183661068,
        "84": -6.707321977650185,
        "maximum": -7.451403573425636,
        "median": -7.412944183661068
    },
    "J1600-3053_CPSR2_50CM_efac": {
        "16": 1.063930264041574,
        "50": 1.1283222750227102,
        "84": 1.1924536073575132,
        "maximum": 1.1008567776606006,
        "median": 1.1283222750227102
    },
    "J1600-3053_CPSR2_50CM_log10_ecorr": {
        "16": -7.864778067649951,
        "50": -6.693444866683584,
        "84": -5.900860983804771,
        "maximum": -5.869335686045425,
        "median": -6.693444866683584
    },
    "J1600-3053_CPSR2_50CM_log10_equad": {
        "16": -8.084721586943319,
        "50": -7.151609977095916,
        "84": -6.2859180577761435,
        "maximum": -7.014714707843954,
        "median": -7.151609977095916
    },
    "J1600-3053_PDFB1_10CM_efac": {
        "16": 0.8271035222301776,
        "50": 0.8945986609697589,
        "84": 0.9685878736844251,
        "maximum": 0.8728092347282954,
        "median": 0.8945986609697589
    },
    "J1600-3053_PDFB1_10CM_log10_ecorr": {
        "16": -8.135124894122068,
        "50": -7.392671650272924,
        "84": -6.595431254747853,
        "maximum": -7.657269366153813,
        "median": -7.392671650272924
    },
    "J1600-3053_PDFB1_10CM_log10_equad": {
        "16": -8.096757318556772,
        "50": -7.2449110427164225,
        "84": -6.404032992658474,
        "maximum": -8.381800303453844,
        "median": -7.2449110427164225
    },
    "J1600-3053_PDFB1_1433_efac": {
        "16": 0.9787360842330688,
        "50": 1.1010266604048313,
        "84": 1.2349859136250763,
        "maximum": 1.0825502243538356,
        "median": 1.1010266604048313
    },
    "J1600-3053_PDFB1_1433_log10_ecorr": {
        "16": -8.062974347532611,
        "50": -7.225908706712749,
        "84": -6.430256322832555,
        "maximum": -6.411328195982977,
        "median": -7.225908706712749
    },
    "J1600-3053_PDFB1_1433_log10_equad": {
        "16": -8.008471224869496,
        "50": -7.100503630719357,
        "84": -6.299238095905307,
        "maximum": -6.3333067429006595,
        "median": -7.100503630719357
    },
    "J1600-3053_PDFB1_20CM_efac": {
        "16": 0.9318984395949127,
        "50": 0.9819284525241639,
        "84": 1.0335466065769598,
        "maximum": 0.9887743465657424,
        "median": 0.9819284525241639
    },
    "J1600-3053_PDFB1_20CM_log10_ecorr": {
        "16": -8.228913582728602,
        "50": -7.646027278697953,
        "84": -7.039156865096736,
        "maximum": -7.593679886373878,
        "median": -7.646027278697953
    },
    "J1600-3053_PDFB1_20CM_log10_equad": {
        "16": -8.171916971279348,
        "50": -7.473977619767271,
        "84": -6.785391889740233,
        "maximum": -8.357966043480133,
        "median": -7.473977619767271
    },
    "J1600-3053_PDFB1_early_10CM_efac": {
        "16": 0.8551706761538267,
        "50": 0.9546679953689464,
        "84": 1.051003858257274,
        "maximum": 0.9495648586972073,
        "median": 0.9546679953689464
    },
    "J1600-3053_PDFB1_early_10CM_log10_ecorr": {
        "16": -8.025743487273422,
        "50": -7.082023882656804,
        "84": -6.22747156510286,
        "maximum": -6.216421223983658,
        "median": -7.082023882656804
    },
    "J1600-3053_PDFB1_early_10CM_log10_equad": {
        "16": -8.073391607357086,
        "50": -7.1739668464823065,
        "84": -6.245473808034859,
        "maximum": -7.903312692906306,
        "median": -7.1739668464823065
    },
    "J1600-3053_PDFB1_early_20CM_efac": {
        "16": 0.8930328443680325,
        "50": 0.9997906428431812,
        "84": 1.0861612860655645,
        "maximum": 0.9832616595923425,
        "median": 0.9997906428431812
    },
    "J1600-3053_PDFB1_early_20CM_log10_ecorr": {
        "16": -6.529026786373599,
        "50": -6.296282677535969,
        "84": -6.1575065387488355,
        "maximum": -6.275153716647374,
        "median": -6.296282677535969
    },
    "J1600-3053_PDFB1_early_20CM_log10_equad": {
        "16": -7.981175301558194,
        "50": -6.98537282882747,
        "84": -6.251851235039421,
        "maximum": -6.224087350084137,
        "median": -6.98537282882747
    },
    "J1600-3053_PDFB_10CM_efac": {
        "16": 1.029298607806943,
        "50": 1.0473770657858492,
        "84": 1.0657892197637464,
        "maximum": 1.042478520166002,
        "median": 1.0473770657858492
    },
    "J1600-3053_PDFB_10CM_log10_ecorr": {
        "16": -8.224166639027914,
        "50": -7.671945699778827,
        "84": -7.100997893535169,
        "maximum": -7.583150357449317,
        "median": -7.671945699778827
    },
    "J1600-3053_PDFB_10CM_log10_equad": {
        "16": -8.173176252489016,
        "50": -7.5225372190725555,
        "84": -6.8527568301469675,
        "maximum": -8.053854055349149,
        "median": -7.5225372190725555
    },
    "J1600-3053_PDFB_20CM_efac": {
        "16": 0.9868244299436443,
        "50": 1.0034372912552167,
        "84": 1.021749157800834,
        "maximum": 1.003803371274591,
        "median": 1.0034372912552167
    },
    "J1600-3053_PDFB_20CM_log10_ecorr": {
        "16": -6.673467050045533,
        "50": -6.602546786406581,
        "84": -6.542749723291952,
        "maximum": -6.601229598963556,
        "median": -6.602546786406581
    },
    "J1600-3053_PDFB_20CM_log10_equad": {
        "16": -8.256737331013023,
        "50": -7.78150924719203,
        "84": -7.256912400441295,
        "maximum": -7.811955677329085,
        "median": -7.78150924719203
    },
    "J1600-3053_PDFB_40CM_efac": {
        "16": 0.9795680503207062,
        "50": 1.021689949783429,
        "84": 1.0566937298337558,
        "maximum": 1.0114583180936805,
        "median": 1.021689949783429
    },
    "J1600-3053_PDFB_40CM_log10_ecorr": {
        "16": -8.140963795888533,
        "50": -7.389531798713308,
        "84": -6.62054193466485,
        "maximum": -7.384960622336008,
        "median": -7.389531798713308
    },
    "J1600-3053_PDFB_40CM_log10_equad": {
        "16": -7.958245430604322,
        "50": -6.913511214800149,
        "84": -6.0485885069449,
        "maximum": -6.1225030370887605,
        "median": -6.913511214800149
    },
    "J1600-3053_WBCORR_10CM_efac": {
        "16": 1.3337709729430975,
        "50": 1.3959742108528683,
        "84": 1.466820866410487,
        "maximum": 1.3773745991235642,
        "median": 1.3959742108528683
    },
    "J1600-3053_WBCORR_10CM_log10_ecorr": {
        "16": -8.119694472545179,
        "50": -7.39402551372015,
        "84": -6.612215949836494,
        "maximum": -8.002421500871398,
        "median": -7.39402551372015
    },
    "J1600-3053_WBCORR_10CM_log10_equad": {
        "16": -8.041885825101168,