{
    "J1603-7202_CASPSR_40CM_efac": {
        "16": 1.1450174244941849,
        "50": 1.1880325663962292,
        "84": 1.2332924010912911,
        "maximum": 1.1805572312509716,
        "median": 1.1880325663962292
    },
    "J1603-7202_CASPSR_40CM_log10_ecorr": {
        "16": -8.184141098230201,
        "50": -7.530300002746295,
        "84": -6.823792842354532,
        "maximum": -7.737596349904519,
        "median": -7.530300002746295
    },
    "J1603-7202_CASPSR_40CM_log10_equad": {
        "16": -8.161837236052914,
        "50": -7.456634570970605,
        "84": -6.731251497257515,
        "maximum": -7.346082577015454,
        "median": -7.456634570970605
    },
    "J1603-7202_CPSR2_20CM_efac": {
        "16": 0.9874456434627914,
        "50": 1.0270070923170946,
        "84": 1.067748190170727,
        "maximum": 1.0211505917721313,
        "median": 1.0270070923170946
    },
    "J1603-7202_CPSR2_20CM_log10_ecorr": {
        "16": -7.918492707746638,
        "50": -6.732940951636813,
        "84": -6.117447510564982,
        "maximum": -6.169025561470186,
        "median": -6.732940951636813
    },
    "J1603-7202_CPSR2_20CM_log10_equad": {
        "16": -6.042780132268464,
        "50": -5.912349576000504,
        "84": -5.813182527130768,
        "maximum": -5.928010659105289,
        "median": -5.912349576000504
    },
    "J1603-7202_CPSR2_50CM_efac": {
        "16": 0.9864823315338981,
        "50": 1.017306143239518,
        "84": 1.050025420591384,
        "maximum": 1.0120573169606808,
        "median": 1.017306143239518
    },
    "J1603-7202_CPSR2_50CM_log10_ecorr": {
        "16": -5.98112211544663,
        "50": -5.82527936374054,
        "84": -5.714503864814065,
        "maximum": -5.812578274997415,
        "median": -5.82527936374054
    },
    "J1603-7202_CPSR2_50CM_log10_equad": {
        "16": -8.139091481575916,
        "50": -7.3816814834985465,
        "84": -6.592291458539714,
        "maximum": -7.8931253325904125,
        "median": -7.3816814834985465
    },
    "J1603-7202_PDFB1_10CM_efac": {
        "16": 1.255176164364003,
        "50": 1.5127830992098417,
        "84": 1.8625657072518635,
        "maximum": 1.3868281119801538,
        "median": 1.5127830992098417
    },
    "J1603-7202_PDFB1_10CM_log10_ecorr": {
        "16": -7.9818215192846,
        "50": -6.894234230468442,
        "84": -5.803091977138704,
        "maximum": -6.750000548647975,
        "median": -6.894234230468442
    },
    "J1603-7202_PDFB1_10CM_log10_equad": {
        "16": -7.967724573715921,
        "50": -6.8537610411629,
        "84": -5.719382436352007,
        "maximum": -6.470025864223729,
        "median": -6.8537610411629
    },
    "J1603-7202_PDFB1_1433_efac": {
        "16": 1.0563598590469794,
        "50": 1.1809765104447045,
        "84": 1.3283333190330877,
        "maximum": 1.1594435550767854,
        "median": 1.1809765104447045
    },
    "J1603-7202_PDFB1_1433_log10_ecorr": {
        "16": -8.122654094266597,
        "50": -7.331851442776518,
        "84": -6.498094416196146,
        "maximum": -7.905206174186683,
        "median": -7.331851442776518
    },
    "J1603-7202_PDFB1_1433_log10_equad": {
        "16": -8.119873448310575,
        "50": -7.292455982257099,
        "84": -6.447424371207104,
        "maximum": -8.437979849333965,
        "median": -7.292455982257099
    },
    "J1603-7202_PDFB1_20CM_efac": {
        "16": 0.9680917957644468,
        "50": 1.0157979017819603,
        "84": 1.0677178686951496,
        "maximum": 1.0064691867123743,
        "median": 1.0157979017819603
    },
    "J1603-7202_PDFB1_20CM_log10_ecorr": {
        "16": -6.198070126378954,
        "50": -6.064033841900253,
        "84": -5.95026244110977,
        "maximum": -6.0615002006494105,
        "median": -6.064033841900253
    },
    "J1603-7202_PDFB1_20CM_log10_equad": {
        "16": -8.142341133357963,
        "50": -7.393933947095972,
        "84": -6.6416179718163475,
        "maximum": -8.134479980693847,
        "median": -7.393933947095972
    },
    "J1603-7202_PDFB1_early_10CM_efac": {
        "16": 0.9977379815375594,
        "50": 1.5126822612854651,
        "84": 2.541714377065726,
        "maximum": 1.009205631928283,
        "median": 1.5126822612854651
    },
    "J1603-7202_PDFB1_early_10CM_log10_ecorr": {
        "16": -7.934051358082941,
        "50": -6.751889343343246,
        "84": -5.591517159822821,
        "maximum": -5.979999764416947,
        "median": -6.751889343343246
    },
    "J1603-7202_PDFB1_early_10CM_log10_equad": {
        "16": -7.933636094456116,
        "50": -6.752281938258731,
        "84": -5.568355412262989,
        "maximum": -6.959999794962272,
        "median": -6.752281938258731
    },
    "J1603-7202_PDFB1_early_20CM_efac": {
        "16": 0.9427977250808316,
        "50": 1.007731081065741,
        "84": 1.0769852128303885,
        "maximum": 0.9989466903735049,
        "median": 1.007731081065741
    },
    "J1603-7202_PDFB1_early_20CM_log10_ecorr": {
        "16": -8.10200121438442,
        "50": -7.241554220845587,
        "84": -6.408501203089424,
        "maximum": -6.990936017339532,
        "median": -7.241554220845587
    },
    "J1603-7202_PDFB1_early_20CM_log10_equad": {
        "16": -8.061286324885677,
        "50": -7.150254665869501,
        "84": -6.298744586021865,
        "maximum": -6.278925173567289,
        "median": -7.150254665869501
    },
    "J1603-7202_PDFB_10CM_efac": {
        "16": 0.9674976485414688,
        "50": 0.9997671044971573,
        "84": 1.0338087959837647,
        "maximum": 0.993223957723465,
        "median": 0.9997671044971573
    },
    "J1603-7202_PDFB_10CM_log10_ecorr": {
        "16": -8.135974279380777,
        "50": -7.372443368622844,
        "84": -6.592987837302367,
        "maximum": -7.660534488770432,
        "median": -7.372443368622844
    },
    "J1603-7202_PDFB_10CM_log10_equad": {
        "16": -8.147300708294502,
        "50": -7.375741903013374,
        "84": -6.590050858226526,
        "maximum": -8.499943088529541,
        "median": -7.375741903013374
    },
    "J1603-7202_PDFB_20CM_efac": {
        "16": 1.0245972303638429,
        "50": 1.0430501824208935,
        "84": 1.0612841412491472,
        "maximum": 1.0397878767490483,
        "median": 1.0430501824208935
    },
    "J1603-7202_PDFB_20CM_log10_ecorr": {
        "16": -6.17409950217173,
        "50": -6.135063421461324,
        "84": -6.096905252560079,
        "maximum": -6.128614927422762,
        "median": -6.135063421461324
    },
    "J1603-7202_PDFB_20CM_log10_equad": {
        "16": -7.992409127268239,
        "50": -7.014220818674136,
        "84": -6.5288121895359055,
        "maximum": -6.586450326473872,
        "median": -7.014220818674136
    },
    "J1603-7202_PDFB_40CM_efac": {
        "16": 0.995990354667539,
        "50": 1.023016830494812,
        "84": 1.0508516445765823,
        "maximum": 1.0224942990443968,
        "median": 1.023016830494812
    },
    "J1603-7202_PDFB_40CM_log10_ecorr": {
        "16": -8.094458931552717,
        "50": -7.263082848495384,
        "84": -6.478808216828488,
        "maximum": -6.710385044122268,
        "median": -7.263082848495384
    },
    "J1603-7202_PDFB_40CM_log10_equad": {
        "16": -8.154862143557503,
        "50": -7.432733907013777,
        "84": -6.692145290861935,
        "maximum": -7.4863673353070626,
        "median": -7.432733907013777
    },
    "J1603-7202_WBCORR_10CM_efac": {
        "16": 0.9085975514974869,
        "50": 1.03513475017181,
        "84": 1.186845522231991,
        "maximum": 0.9836710348684797,
        "median": 1.03513475017181
    },
    "J1603-7202_WBCORR_10CM_log10_ecorr": {
        "16": -7.960020016984982,
        "50": -6.8375564138589695,
        "84": -5.737084504245921,
        "maximum": -5.7002092093492145,
        "median": -6.8375564138589695
    },
    "J1603-7202_WBCORR_10CM_log10_equad": {
        "16": -8.016788219158887,