{
    "J1603-7202_CASPSR_40CM_efac": 1.1805572312509716,
    "J1603-7202_CASPSR_40CM_log10_ecorr": -7.738503835132961,
    "J1603-7202_CASPSR_40CM_log10_equad": -7.713238006881939,
    "J1603-7202_CPSR2_20CM_efac": 1.0216116215584445,
    "J1603-7202_CPSR2_20CM_log10_ecorr": -6.131756048135996,
    "J1603-7202_CPSR2_20CM_log10_equad": -5.927753069473279,
    "J1603-7202_CPSR2_50CM_efac": 1.011588251574287,
    "J1603-7202_CPSR2_50CM_log10_ecorr": -5.812578274997415,
    "J1603-7202_CPSR2_50CM_log10_equad": -7.8931253325904125,
    "J1603-7202_PDFB1_10CM_efac": 1.3868281119801538,
    "J1603-7202_PDFB1_10CM_log10_ecorr": -7.659978946274446,
    "J1603-7202_PDFB1_10CM_log10_equad": -6.470025864223729,
    "J1603-7202_PDFB1_1433_efac": 1.1412496561724965,
    "J1603-7202_PDFB1_1433_log10_ecorr": -7.574765614322637,
    "J1603-7202_PDFB1_1433_log10_equad": -8.437993379749317,
    "J1603-7202_PDFB1_20CM_efac": 1.0098063078563926,
    "J1603-7202_PDFB1_20CM_log10_ecorr": -6.062372442905017,
    "J1603-7202_PDFB1_20CM_log10_equad": -8.127867543361342,
    "J1603-7202_PDFB1_early_10CM_efac": 1.009205631928283,
    "J1603-7202_PDFB1_early_10CM_log10_ecorr": -7.519993973630392,
    "J1603-7202_PDFB1_early_10CM_log10_equad": -6.5400116542696285,
    "J1603-7202_PDFB1_early_20CM_efac": 0.9948915947743162,
    "J1603-7202_PDFB1_early_20CM_log10_ecorr": -6.508042115368973,
    "J1603-7202_PDFB1_early_20CM_log10_equad": -6.220475851131823,
    "J1603-7202_PDFB_10CM_efac": 0.993223957723465,
    "J1603-7202_PDFB_10CM_log10_ecorr": -7.212868955068799,
    "J1603-7202_PDFB_10CM_log10_equad": -7.651733177145202,
    "J1603-7202_PDFB_20CM_efac": 1.0429696672083597,
    "J1603-7202_PDFB_20CM_log10_ecorr": -6.138064819178319,
    "J1603-7202_PDFB_20CM_log10_equad": -6.576471630083303,
    "J1603-7202_PDFB_40CM_efac": 1.0191558391413336,
    "J1603-7202_PDFB_40CM_log10_ecorr": -6.710389003133615,
    "J1603-7202_PDFB_40CM_log10_equad": -7.4863673353070626,
    "J1603-7202_WBCORR_10CM_efac": 1.0010352058888181,
    "J1603-7202_WBCORR_10CM_log10_ecorr": -6.8201237406336155,
    "J1603-7202_WBCORR_10CM_log10_equad": -8.010022877928703,
    "J1603-7202_dm_gauss__log10_Amp": -5.267763624939325,
    "J1603-7202_dm_gauss__sigma": 91.762164619815,
    "J1603-7202_dm_gauss__t0": 53911.94923971922,
    "J1603-7202_dm_gp_gamma": 2.090516721416507,
    "J1603-7202_dm_gp_log10_A": -13.13500679042449,
    "nmodel": -0.25999928296729236
}