{
    "J1643-1224_0_magnexp__idx": {
        "16": -1.0977542076514446,
        "50": -0.9927233365336001,
        "84": -0.8936031982365021,
        "maximum": -0.9992167419794875,
        "median": -0.9927233365336001
    },
    "J1643-1224_0_magnexp__log10_Amp": {
        "16": -5.066129421767178,
        "50": -5.019300406479273,
        "84": -4.9756324546121,
        "maximum": -5.02008592047958,
        "median": -5.019300406479273
    },
    "J1643-1224_0_magnexp__log10_tau": {
        "16": 2.0528630514924076,
        "50": 2.1169744205316694,
        "84": 2.1835596218446516,
        "maximum": 2.1072657154206484,
        "median": 2.1169744205316694
    },
    "J1643-1224_0_magnexp__t0": {
        "16": 57076.8892070979,
        "50": 57081.391947976015,
        "84": 57085.86880910848,
        "maximum": 57082.16019656909,
        "median": 57081.391947976015
    },
    "J1643-1224_CASPSR_40CM_efac": {
        "16": 1.1182636090256644,
        "50": 1.1663904993254308,
        "84": 1.216444812504941,
        "maximum": 1.1631329069370018,
        "median": 1.1663904993254308
    },
    "J1643-1224_CASPSR_40CM_log10_equad": {
        "16": -8.117383489257465,
        "50": -7.334668868879309,
        "84": -6.567193597087973,
        "maximum": -6.795990954403992,
        "median": -7.334668868879309
    },
    "J1643-1224_CPSR2_20CM_efac": {
        "16": 1.0217702671017845,
        "50": 1.0593123276604084,
        "84": 1.095334507264211,
        "maximum": 1.0583474498351033,
        "median": 1.0593123276604084
    },
    "J1643-1224_CPSR2_20CM_log10_equad": {
        "16": -8.024134108269559,
        "50": -7.04190964949929,
        "84": -6.092131462317781,
        "maximum": -6.060037120382637,
        "median": -7.04190964949929
    },
    "J1643-1224_CPSR2_50CM_efac": {
        "16": 0.9943401513983501,
        "50": 1.063360322700705,
        "84": 1.1338808601246415,
        "maximum": 1.0578469069729552,
        "median": 1.063360322700705
    },
    "J1643-1224_CPSR2_50CM_log10_equad": {
        "16": -5.592867024916087,
        "50": -5.513696148149087,
        "84": -5.4500228081183275,
        "maximum": -5.5025567737751775,
        "median": -5.513696148149087
    },
    "J1643-1224_PDFB1_10CM_efac": {
        "16": 1.0232092306508258,
        "50": 1.1127173135029058,
        "84": 1.214786747603794,
        "maximum": 1.099085172020797,
        "median": 1.1127173135029058
    },
    "J1643-1224_PDFB1_10CM_log10_equad": {
        "16": -7.997772962245014,
        "50": -6.980865902468214,
        "84": -5.9794036088004425,
        "maximum": -7.319181335869123,
        "median": -6.980865902468214
    },
    "J1643-1224_PDFB1_1433_efac": {
        "16": 0.8853548059877172,
        "50": 1.1133644040693869,
        "84": 1.2949256968066631,
        "maximum": 1.0829819158799658,
        "median": 1.1133644040693869
    },
    "J1643-1224_PDFB1_1433_log10_equad": {
        "16": -7.928752112085122,
        "50": -6.741959079774639,
        "84": -5.724342868124766,
        "maximum": -5.5749161757906,
        "median": -6.741959079774639
    },
    "J1643-1224_PDFB1_20CM_efac": {
        "16": 1.008458414370289,
        "50": 1.0703825550448474,
        "84": 1.1327288769092045,
        "maximum": 1.060417917966077,
        "median": 1.0703825550448474
    },
    "J1643-1224_PDFB1_20CM_log10_equad": {
        "16": -8.094279996046568,
        "50": -7.254120412883469,
        "84": -6.416761720315568,
        "maximum": -7.88616619814864,
        "median": -7.254120412883469
    },
    "J1643-1224_PDFB1_early_10CM_efac": {
        "16": 0.8092132149858171,
        "50": 0.9222452660996456,
        "84": 1.0424115167628782,
        "maximum": 0.887387392579766,
        "median": 0.9222452660996456
    },
    "J1643-1224_PDFB1_early_10CM_log10_equad": {
        "16": -7.957679412190455,
        "50": -6.860282014647585,
        "84": -5.763498793067783,
        "maximum": -6.714449782589181,
        "median": -6.860282014647585
    },
    "J1643-1224_PDFB1_early_20CM_efac": {
        "16": 1.0607554326455302,
        "50": 1.1590883453966803,
        "84": 1.2694825581039666,
        "maximum": 1.1265468608312468,
        "median": 1.1590883453966803
    },
    "J1643-1224_PDFB1_early_20CM_log10_equad": {
        "16": -8.124249780761772,
        "50": -7.333068029922464,
        "84": -6.5066561915406025,
        "maximum": -7.689386239068839,
        "median": -7.333068029922464
    },
    "J1643-1224_PDFB_10CM_efac": {
        "16": 1.0366240792101435,
        "50": 1.057127749833557,
        "84": 1.0774907891639314,
        "maximum": 1.0547427476598534,
        "median": 1.057127749833557
    },
    "J1643-1224_PDFB_10CM_log10_equad": {
        "16": -8.122734743651412,
        "50": -7.338800180383521,
        "84": -6.527850811042706,
        "maximum": -7.4886318932409015,
        "median": -7.338800180383521
    },
    "J1643-1224_PDFB_20CM_efac": {
        "16": 1.0678998002562388,
        "50": 1.0905621088682969,
        "84": 1.1115610522172126,
        "maximum": 1.0909435302424355,
        "median": 1.0905621088682969
    },
    "J1643-1224_PDFB_20CM_log10_equad": {
        "16": -8.122533698024933,
        "50": -7.333721531144894,
        "84": -6.5498298877031615,
        "maximum": -6.587998042346375,
        "median": -7.333721531144894
    },
    "J1643-1224_PDFB_40CM_efac": {
        "16": 0.9943084161092083,
        "50": 1.0762621309136347,
        "84": 1.1161023237782572,
        "maximum": 1.088581561044479,
        "median": 1.0762621309136347
    },
    "J1643-1224_PDFB_40CM_log10_equad": {
        "16": -7.872204726579902,
        "50": -6.587561035873805,
        "84": -5.845277546092374,
        "maximum": -5.83534582386644,
        "median": -6.587561035873805
    },
    "J1643-1224_WBCORR_10CM_efac": {
        "16": 0.7631930440256576,
        "50": 0.9325690663010139,
        "84": 1.0086809509786197,
        "maximum": 0.9454732129556275,
        "median": 0.9325690663010139
    },
    "J1643-1224_WBCORR_10CM_log10_equad": {
        "16": -7.687195459162002,
        "50": -6.054389806287249,
        "84": -5.392953343122251,
        "maximum": -5.4311105448499415,
        "median": -6.054389806287249
    },
    "J1643-1224_dm_gp_gamma": {
        "16": 2.7173694476691446,
        "50": 3.308517452058973,
        "84": 4.176163488461024,
        "maximum": 3.009442464814874,
        "median": 3.308517452058973
    },
    "J1643-1224_dm_gp_log10_A": {
        "16": -13.512310622573464,
        "50": -13.240644887577826,
        "84": -13.064543819908533,
        "maximum": -13.20227608540587,
        "median": -13.240644887577826
    },
    "J1643-1224_red_noise_4050cm_4050cm_gamma": {
        "16": 2.148829923264373,
        "50": 2.382453040628491,
        "84": 2.6345945089692333,
        "maximum": 2.334692436514052,
        "median": 2.382453040628491
    },
    "J1643-1224_red_noise_4050cm_4050cm_log10_A": {
        "16": -12.09592274294587,
        "50": -12.055739867363425,
        "84": -12.013953000572531,
        "maximum": -12.055524221084964,
        "median": -12.055739867363425
    },
    "J1643-1224_red_noise_gamma": {
        "16": 0.7231941945979421,
        "50": 1.0018217881857396,
        "84": 1.2676613536549022,
        "maximum": 0.9776983157535822,
        "median": 1.0018217881857396
    },
    "J1643-1224_red_noise_log10_A": {
        "16": -12.916079539742594,
        "50": -12.845167279768184,
        "84": -12.78159688497655,
        "maximum": -12.852006121417311,
        "median": -12.845167279768184
    },
    "nmodel": {
        "16": -0.33973456314102746,
        "50": 0.0006210421686617673,
        "84": 0.34058732863847085,
        "maximum": 0.1199989684153503,
        "median": 0.0006210421686617673
    }
}