{
    "J1713+0747_CASPSR_40CM_efac": {
        "16": 1.0714413892013261,
        "50": 1.1163090178160735,
        "84": 1.164639390820422,
        "maximum": 1.1107255287163866,
        "median": 1.1163090178160735
    },
    "J1713+0747_CASPSR_40CM_log10_ecorr": {
        "16": -7.4464659053491395,
        "50": -6.575599947615073,
        "84": -6.407558953344779,
        "maximum": -6.51381797357107,
        "median": -6.575599947615073
    },
    "J1713+0747_CASPSR_40CM_log10_equad": {
        "16": -7.951898458779581,
        "50": -6.797833262488304,
        "84": -6.402952112895468,
        "maximum": -6.483504853130352,
        "median": -6.797833262488304
    },
    "J1713+0747_CPSR2_20CM_efac": {
        "16": 1.0282334388846406,
        "50": 1.0543041751556579,
        "84": 1.0819874414198352,
        "maximum": 1.062021850610219,
        "median": 1.0543041751556579
    },
    "J1713+0747_CPSR2_20CM_log10_ecorr": {
        "16": -8.182067889510648,
        "50": -7.770849962089518,
        "84": -7.428791186486821,
        "maximum": -7.672577602202363,
        "median": -7.770849962089518
    },
    "J1713+0747_CPSR2_20CM_log10_equad": {
        "16": -8.356668893772621,
        "50": -8.04355804512534,
        "84": -7.710322871151152,
        "maximum": -8.499900886480702,
        "median": -8.04355804512534
    },
    "J1713+0747_CPSR2_50CM_efac": {
        "16": 1.0295501023754383,
        "50": 1.0605077439068236,
        "84": 1.0973530714639141,
        "maximum": 1.0481566598400829,
        "median": 1.0605077439068236
    },
    "J1713+0747_CPSR2_50CM_log10_ecorr": {
        "16": -6.09970866738844,
        "50": -6.015916333614368,
        "84": -5.948471170935969,
        "maximum": -5.994922841684159,
        "median": -6.015916333614368
    },
    "J1713+0747_CPSR2_50CM_log10_equad": {
        "16": -8.191564651053776,
        "50": -7.5957420125900414,
        "84": -6.864090243936586,
        "maximum": -7.982761174016151,
        "median": -7.5957420125900414
    },
    "J1713+0747_PDFB1_10CM_efac": {
        "16": 1.0627827025594347,
        "50": 1.1312730997060967,
        "84": 1.2134840361860926,
        "maximum": 1.1121932528690255,
        "median": 1.1312730997060967
    },
    "J1713+0747_PDFB1_10CM_log10_ecorr": {
        "16": -8.237112503647449,
        "50": -7.677446828685236,
        "84": -7.106212383149364,
        "maximum": -8.403603816797467,
        "median": -7.677446828685236
    },
    "J1713+0747_PDFB1_10CM_log10_equad": {
        "16": -8.28834146112922,
        "50": -7.713282962139271,
        "84": -7.118039145383033,
        "maximum": -8.499694837328049,
        "median": -7.713282962139271
    },
    "J1713+0747_PDFB1_1433_efac": {
        "16": 0.9439899179950998,
        "50": 1.0470896826501799,
        "84": 1.1898050789005215,
        "maximum": 0.9637054528858251,
        "median": 1.0470896826501799
    },
    "J1713+0747_PDFB1_1433_log10_ecorr": {
        "16": -7.505334830992148,
        "50": -6.951919734761644,
        "84": -6.6526513947676955,
        "maximum": -6.915180803374784,
        "median": -6.951919734761644
    },
    "J1713+0747_PDFB1_1433_log10_equad": {
        "16": -8.253393253002937,
        "50": -7.741254441783368,
        "84": -7.271150488526098,
        "maximum": -7.631358573951855,
        "median": -7.741254441783368
    },
    "J1713+0747_PDFB1_20CM_efac": {
        "16": 0.9239315350350045,
        "50": 0.9594431154384847,
        "84": 0.9975700242113008,
        "maximum": 0.9582528573708685,
        "median": 0.9594431154384847
    },
    "J1713+0747_PDFB1_20CM_log10_ecorr": {
        "16": -7.199466238674009,
        "50": -7.062023197362285,
        "84": -6.948560296509256,
        "maximum": -7.04645118007206,
        "median": -7.062023197362285
    },
    "J1713+0747_PDFB1_20CM_log10_equad": {
        "16": -8.328888497986835,
        "50": -7.95831690367669,
        "84": -7.566687048805123,
        "maximum": -7.949251935137517,
        "median": -7.95831690367669
    },
    "J1713+0747_PDFB1_early_10CM_efac": {
        "16": 0.8939289815655856,
        "50": 0.9794756974522345,
        "84": 1.0687942894893787,
        "maximum": 0.9418463938893438,
        "median": 0.9794756974522345
    },
    "J1713+0747_PDFB1_early_10CM_log10_ecorr": {
        "16": -8.256292070664339,
        "50": -7.594339746053693,
        "84": -6.966302306417862,
        "maximum": -8.352288493132866,
        "median": -7.594339746053693
    },
    "J1713+0747_PDFB1_early_10CM_log10_equad": {
        "16": -8.055670127855723,
        "50": -7.098285027101644,
        "84": -6.5166494284481296,
        "maximum": -6.593120355008795,
        "median": -7.098285027101644
    },
    "J1713+0747_PDFB1_early_20CM_efac": {
        "16": 0.9318631478568281,
        "50": 1.0278132301864793,
        "84": 1.1338152053569495,
        "maximum": 0.9447989050495369,
        "median": 1.0278132301864793
    },
    "J1713+0747_PDFB1_early_20CM_log10_ecorr": {
        "16": -6.640806532637091,
        "50": -6.509461666564028,
        "84": -6.386602795910941,
        "maximum": -6.486956826042081,
        "median": -6.509461666564028
    },
    "J1713+0747_PDFB1_early_20CM_log10_equad": {
        "16": -8.262778491381429,
        "50": -7.728252757710864,
        "84": -7.171834338589272,
        "maximum": -8.499664763507853,
        "median": -7.728252757710864
    },
    "J1713+0747_PDFB_10CM_efac": {
        "16": 1.0195986420723842,
        "50": 1.039016939501967,
        "84": 1.0599690583382297,
        "maximum": 1.0323514473524327,
        "median": 1.039016939501967
    },
    "J1713+0747_PDFB_10CM_log10_ecorr": {
        "16": -8.054550096241519,
        "50": -7.523330268114336,
        "84": -7.268368768557822,
        "maximum": -7.35562976540161,
        "median": -7.523330268114336
    },
    "J1713+0747_PDFB_10CM_log10_equad": {
        "16": -8.19415391777931,
        "50": -7.516713512793584,
        "84": -7.162678461988163,
        "maximum": -7.209121586789781,
        "median": -7.516713512793584
    },
    "J1713+0747_PDFB_20CM_efac": {
        "16": 1.0314259308738956,
        "50": 1.0481321428529233,
        "84": 1.065188433376327,
        "maximum": 1.0505329869296993,
        "median": 1.0481321428529233
    },
    "J1713+0747_PDFB_20CM_log10_ecorr": {
        "16": -7.251296143254631,
        "50": -7.202915207742401,
        "84": -7.1559356283867555,
        "maximum": -7.2176281969229965,
        "median": -7.202915207742401
    },
    "J1713+0747_PDFB_20CM_log10_equad": {
        "16": -8.283227125144958,
        "50": -7.915376587422684,
        "84": -7.660956497929868,
        "maximum": -7.7239398035095475,
        "median": -7.915376587422684
    },
    "J1713+0747_PDFB_40CM_efac": {
        "16": 1.011067364751515,
        "50": 1.0370547820132676,
        "84": 1.06579277278059,
        "maximum": 1.0376952722605657,
        "median": 1.0370547820132676
    },
    "J1713+0747_PDFB_40CM_log10_ecorr": {
        "16": -7.872192927300038,
        "50": -6.928833388368789,
        "84": -6.589321358163072,
        "maximum": -6.609177384610508,
        "median": -6.928833388368789
    },
    "J1713+0747_PDFB_40CM_log10_equad": {
        "16": -8.21622489882029,
        "50": -7.604795799271767,
        "84": -6.999521532552473,
        "maximum": -7.979767346597912,
        "median": -7.604795799271767
    },
    "J1713+0747_WBCORR_10CM_efac": {
        "16": 0.9825796656810655,
        "50": 1.035199776303647,
        "84": 1.0829011524832381,
        "maximum": 1.0311453711761631,
        "median": 1.035199776303647
    },
    "J1713+0747_WBCORR_10CM_log10_ecorr": {
        "16": -6.627352168828947,
        "50": -6.500039662691341,
        "84": -6.396380823045023,
        "maximum": -6.509306658052333,
        "median": -6.500039662691341
    },
    "J1713+0747_WBCORR_10CM_log10_equad": {
        "16": -8.228265271533717,