{
    "J1713+0747_CASPSR_40CM_efac": 1.1122525597670574,
    "J1713+0747_CASPSR_40CM_log10_ecorr": -6.442697748918847,
    "J1713+0747_CASPSR_40CM_log10_equad": -6.489234177658694,
    "J1713+0747_CPSR2_20CM_efac": 1.0486444294945125,
    "J1713+0747_CPSR2_20CM_log10_ecorr": -7.718642187956652,
    "J1713+0747_CPSR2_20CM_log10_equad": -8.966136286796248,
    "J1713+0747_CPSR2_50CM_efac": 1.0370308403151018,
    "J1713+0747_CPSR2_50CM_log10_ecorr": -6.055762258098256,
    "J1713+0747_CPSR2_50CM_log10_equad": -7.237877954437515,
    "J1713+0747_PDFB1_10CM_efac": 1.12087000269582,
    "J1713+0747_PDFB1_10CM_log10_ecorr": -9.193735696296272,
    "J1713+0747_PDFB1_10CM_log10_equad": -8.038697766946058,
    "J1713+0747_PDFB1_1433_efac": 1.0861193841052172,
    "J1713+0747_PDFB1_1433_log10_ecorr": -6.846683438238681,
    "J1713+0747_PDFB1_1433_log10_equad": -9.049028099254649,
    "J1713+0747_PDFB1_20CM_efac": 0.955066692361894,
    "J1713+0747_PDFB1_20CM_log10_ecorr": -7.147786268228447,
    "J1713+0747_PDFB1_20CM_log10_equad": -9.171377372615298,
    "J1713+0747_PDFB1_early_10CM_efac": 0.9582585023691017,
    "J1713+0747_PDFB1_early_10CM_log10_ecorr": -8.749025225093657,
    "J1713+0747_PDFB1_early_10CM_log10_equad": -6.622607187560213,
    "J1713+0747_PDFB1_early_20CM_efac": 1.0013757230751488,
    "J1713+0747_PDFB1_early_20CM_log10_ecorr": -6.506063309443395,
    "J1713+0747_PDFB1_early_20CM_log10_equad": -7.299292839296271,
    "J1713+0747_PDFB_10CM_efac": 1.0523894337884256,
    "J1713+0747_PDFB_10CM_log10_ecorr": -7.338133122689534,
    "J1713+0747_PDFB_10CM_log10_equad": -7.307922795917255,
    "J1713+0747_PDFB_20CM_efac": 1.0467588712626896,
    "J1713+0747_PDFB_20CM_log10_ecorr": -7.201050878129811,
    "J1713+0747_PDFB_20CM_log10_equad": -7.673784101060695,
    "J1713+0747_PDFB_40CM_efac": 1.0468945754375965,
    "J1713+0747_PDFB_40CM_log10_ecorr": -6.710921690153326,
    "J1713+0747_PDFB_40CM_log10_equad": -8.01289806603853,
    "J1713+0747_WBCORR_10CM_efac": 1.0261470741558223,
    "J1713+0747_WBCORR_10CM_log10_ecorr": -6.532305017101525,
    "J1713+0747_WBCORR_10CM_log10_equad": -8.69119334921743,
    "J1713+0747_band_noise_by_B_1020CM_1020CM_gamma": 3.8317558429373593,
    "J1713+0747_band_noise_by_B_1020CM_1020CM_log10_A": -14.560244075581561,
    "J1713+0747_dm_gp_gamma": 1.9944589934736205,
    "J1713+0747_dm_gp_log10_A": -13.794031143219305,
    "J1713+0747_dmexp_1_log10_Amp": -5.806089418942052,
    "J1713+0747_dmexp_1_log10_tau": 1.9182208004164403,
    "J1713+0747_dmexp_1_t0": 54764.33499182078,
    "J1713+0747_dmexp_2_idx": 1.1502853238432276,
    "J1713+0747_dmexp_2_log10_Amp": -5.769211934217633,
    "J1713+0747_dmexp_2_log10_tau": 1.3748763772338237,
    "J1713+0747_dmexp_2_t0": 57509.49835409679,
    "J1713+0747_system_noise_0_CPSR2_20CM_gamma": 1.8006865825522411,
    "J1713+0747_system_noise_0_CPSR2_20CM_log10_A": -13.525806545747049,
    "nmodel": -0.27999636402409817
}