{
    "J1730-2304_CASPSR_40CM_efac": 1.1645052568426681,
    "J1730-2304_CASPSR_40CM_log10_equad": -7.70181276635271,
    "J1730-2304_CPSR2_20CM_efac": 1.2991656356608108,
    "J1730-2304_CPSR2_20CM_log10_equad": -5.418435178523894,
    "J1730-2304_CPSR2_50CM_efac": 1.1104886701920975,
    "J1730-2304_CPSR2_50CM_log10_equad": -5.683645926427946,
    "J1730-2304_PDFB1_10CM_efac": 1.1625443938547935,
    "J1730-2304_PDFB1_10CM_log10_equad": -5.420931345070478,
    "J1730-2304_PDFB1_1433_efac": 0.8405665342461155,
    "J1730-2304_PDFB1_1433_log10_equad": -7.445067155111898,
    "J1730-2304_PDFB1_20CM_efac": 1.1207994148329805,
    "J1730-2304_PDFB1_20CM_log10_equad": -6.23793765449698,
    "J1730-2304_PDFB1_early_10CM_efac": 1.1461738127404177,
    "J1730-2304_PDFB1_early_10CM_log10_equad": -8.015110593473379,
    "J1730-2304_PDFB1_early_20CM_efac": 1.0675852739135712,
    "J1730-2304_PDFB1_early_20CM_log10_equad": -6.732775944967177,
    "J1730-2304_PDFB_10CM_efac": 1.066383648721159,
    "J1730-2304_PDFB_10CM_log10_equad": -7.944974265334274,
    "J1730-2304_PDFB_20CM_efac": 1.0433716949246477,
    "J1730-2304_PDFB_20CM_log10_equad": -8.03397753074751,
    "J1730-2304_PDFB_40CM_efac": 1.1338777989420383,
    "J1730-2304_PDFB_40CM_log10_equad": -6.728954518793448,
    "J1730-2304_WBCORR_10CM_efac": 1.2779366239096968,
    "J1730-2304_WBCORR_10CM_log10_equad": -7.157777486017741,
    "J1730-2304_dm_gp_gamma": 2.388545046524757,
    "J1730-2304_dm_gp_log10_A": -13.523429101155324,
    "nmodel": 0.20000016322871939
}