{
    "J1732-5049_PDFB1_10CM_efac": {
        "16": 1.4236160970228426,
        "50": 1.8724128419462966,
        "84": 2.5822653536222777,
        "maximum": 1.6154559549703877,
        "median": 1.8724128419462966
    },
    "J1732-5049_PDFB1_10CM_log10_equad": {
        "16": -7.928827696383665,
        "50": -6.7174663831702865,
        "84": -5.515519079495487,
        "maximum": -5.070005522351535,
        "median": -6.7174663831702865
    },
    "J1732-5049_PDFB1_20CM_efac": {
        "16": 1.067831198198388,
        "50": 1.1326717402440893,
        "84": 1.2044150362410986,
        "maximum": 1.115804244971134,
        "median": 1.1326717402440893
    },
    "J1732-5049_PDFB1_20CM_log10_equad": {
        "16": -8.092028230796688,
        "50": -7.229990338010143,
        "84": -6.348919501248002,
        "maximum": -7.380658786169219,
        "median": -7.229990338010143
    },
    "J1732-5049_PDFB1_early_10CM_efac": {
        "16": 0.9600294934780897,
        "50": 1.995219296658112,
        "84": 4.667128426063953,
        "maximum": 1.0090195478272346,
        "median": 1.995219296658112
    },
    "J1732-5049_PDFB1_early_10CM_log10_equad": {
        "16": -7.930995243736464,
        "50": -6.731337639840309,
        "84": -5.527214048883409,
        "maximum": -5.210000430277226,
        "median": -6.731337639840309
    },
    "J1732-5049_PDFB1_early_20CM_efac": {
        "16": 0.8548807982466089,
        "50": 0.9319093195675686,
        "84": 1.0136535099039725,
        "maximum": 0.9035408313965768,
        "median": 0.9319093195675686
    },
    "J1732-5049_PDFB1_early_20CM_log10_equad": {
        "16": -8.01188202238709,
        "50": -6.970605327857161,
        "84": -5.954081638340793,
        "maximum": -5.927380220528128,
        "median": -6.970605327857161
    },
    "J1732-5049_PDFB_10CM_efac": {
        "16": 0.8123696876587334,
        "50": 0.8969464407555405,
        "84": 0.9963771775052903,
        "maximum": 0.8674962615019719,
        "median": 0.8969464407555405
    },
    "J1732-5049_PDFB_10CM_log10_equad": {
        "16": -8.097975071358492,
        "50": -7.245406087730048,
        "84": -6.372851899088582,
        "maximum": -8.227113322125291,
        "median": -7.245406087730048
    },
    "J1732-5049_PDFB_20CM_efac": {
        "16": 0.9634364022080091,
        "50": 1.0009410557425389,
        "84": 1.0389088337161634,
        "maximum": 0.998409930959043,
        "median": 1.0009410557425389
    },
    "J1732-5049_PDFB_20CM_log10_equad": {
        "16": -8.080071225128341,
        "50": -7.190497749147729,
        "84": -6.289194694380535,
        "maximum": -7.646804553382751,
        "median": -7.190497749147729
    },
    "J1732-5049_PDFB_40CM_efac": {
        "16": 0.8021714032142029,
        "50": 0.9167925328116966,
        "84": 1.0219488986893182,
        "maximum": 0.8938476611716184,
        "median": 0.9167925328116966
    },
    "J1732-5049_PDFB_40CM_log10_equad": {
        "16": -7.9333460072491375,
        "50": -6.752526145709169,
        "84": -5.582552832544565,
        "maximum": -5.210527682544664,
        "median": -6.752526145709169
    },
    "J1732-5049_WBCORR_10CM_efac": {
        "16": 0.9362863797119134,
        "50": 1.1202343844726028,
        "84": 1.3556098499406135,
        "maximum": 1.0580722421567517,
        "median": 1.1202343844726028
    },
    "J1732-5049_WBCORR_10CM_log10_equad": {
        "16": -7.92263568498584,
        "50": -6.6939495893452445,
        "84": -5.493973325609963,
        "maximum": -5.140017287740611,
        "median": -6.6939495893452445
    },
    "J1732-5049_dm_gp_gamma": {
        "16": 0.7030753671062961,
        "50": 2.6966096430124997,
        "84": 7.328422391088889,
        "maximum": 0.600008147908897,
        "median": 2.6966096430124997
    },
    "J1732-5049_dm_gp_log10_A": {
        "16": -14.56027956411581,
        "50": -12.932305481877838,
        "84": -12.57947839910019,
        "maximum": -12.701696387808646,
        "median": -12.932305481877838
    },
    "nmodel": {
        "16": -0.34013329446900153,
        "50": 0.00039932041928694706,
        "84": 0.34008083322263316,
        "maximum": 0.21999937146233206,
        "median": 0.00039932041928694706
    }
}