{
    "J1732-5049_PDFB1_10CM_efac": 1.6154559549703877,
    "J1732-5049_PDFB1_10CM_log10_equad": -5.070005522351535,
    "J1732-5049_PDFB1_20CM_efac": 1.115804244971134,
    "J1732-5049_PDFB1_20CM_log10_equad": -8.126887928550401,
    "J1732-5049_PDFB1_early_10CM_efac": 1.0090195478272346,
    "J1732-5049_PDFB1_early_10CM_log10_equad": -5.280000094264005,
    "J1732-5049_PDFB1_early_20CM_efac": 0.919447737399136,
    "J1732-5049_PDFB1_early_20CM_log10_equad": -6.00974586769223,
    "J1732-5049_PDFB_10CM_efac": 0.8658714836207178,
    "J1732-5049_PDFB_10CM_log10_equad": -8.227113322125291,
    "J1732-5049_PDFB_20CM_efac": 0.996373323582881,
    "J1732-5049_PDFB_20CM_log10_equad": -6.976438573909288,
    "J1732-5049_PDFB_40CM_efac": 0.8938476611716184,
    "J1732-5049_PDFB_40CM_log10_equad": -5.210527682544664,
    "J1732-5049_WBCORR_10CM_efac": 1.040383705335791,
    "J1732-5049_WBCORR_10CM_log10_equad": -5.1400141392077785,
    "J1732-5049_dm_gp_gamma": 0.6000100330960556,
    "J1732-5049_dm_gp_log10_A": -12.699419487803883,
    "nmodel": 0.2199995113589146
}