{
    "J1730-2304_CASPSR_40CM_efac": {
        "16": 1.112498239474766,
        "50": 1.1671686153783145,
        "84": 1.2252797930192796,
        "maximum": 1.1645052568426681,
        "median": 1.1671686153783145
    },
    "J1730-2304_CASPSR_40CM_log10_equad": {
        "16": -8.125500537468227,
        "50": -7.339103221372846,
        "84": -6.535356148851655,
        "maximum": -7.815835927921373,
        "median": -7.339103221372846
    },
    "J1730-2304_CPSR2_20CM_efac": {
        "16": 1.2282983940385186,
        "50": 1.3169524893524036,
        "84": 1.4099807903515311,
        "maximum": 1.2991656356608108,
        "median": 1.3169524893524036
    },
    "J1730-2304_CPSR2_20CM_log10_equad": {
        "16": -5.491035050266246,
        "50": -5.4196838888235295,
        "84": -5.3578165597896925,
        "maximum": -5.418435178523894,
        "median": -5.4196838888235295
    },
    "J1730-2304_CPSR2_50CM_efac": {
        "16": 1.0200494349492453,
        "50": 1.0970270940647346,
        "84": 1.1541325172977122,
        "maximum": 1.1104886701920975,
        "median": 1.0970270940647346
    },
    "J1730-2304_CPSR2_50CM_log10_equad": {
        "16": -7.5205709276622255,
        "50": -5.904707311544459,
        "84": -5.5970248884592095,
        "maximum": -5.683645926427946,
        "median": -5.904707311544459
    },
    "J1730-2304_PDFB1_10CM_efac": {
        "16": 1.0334757411815054,
        "50": 1.1694112981585711,
        "84": 1.306637755541355,
        "maximum": 1.1274530735780564,
        "median": 1.1694112981585711
    },
    "J1730-2304_PDFB1_10CM_log10_equad": {
        "16": -7.881458025263769,
        "50": -6.596878252949051,
        "84": -5.517380419932442,
        "maximum": -5.421379761099113,
        "median": -6.596878252949051
    },
    "J1730-2304_PDFB1_1433_efac": {
        "16": 0.7748468963242013,
        "50": 0.8880149480121774,
        "84": 1.0291629809002418,
        "maximum": 0.8373572738153411,
        "median": 0.8880149480121774
    },
    "J1730-2304_PDFB1_1433_log10_equad": {
        "16": -8.072805878720262,
        "50": -7.17792018900635,
        "84": -6.260628123844279,
        "maximum": -7.445064382593472,
        "median": -7.17792018900635
    },
    "J1730-2304_PDFB1_20CM_efac": {
        "16": 1.066432540694966,
        "50": 1.1317290252728927,
        "84": 1.1990875035047384,
        "maximum": 1.1258317968723517,
        "median": 1.1317290252728927
    },
    "J1730-2304_PDFB1_20CM_log10_equad": {
        "16": -7.982987647145488,
        "50": -6.9154028714085,
        "84": -6.208172873135453,
        "maximum": -6.19852705543815,
        "median": -6.9154028714085
    },
    "J1730-2304_PDFB1_early_10CM_efac": {
        "16": 1.0726581717550079,
        "50": 1.2298265927581151,
        "84": 1.429515618266911,
        "maximum": 1.177311558665906,
        "median": 1.2298265927581151
    },
    "J1730-2304_PDFB1_early_10CM_log10_equad": {
        "16": -8.068521982480851,
        "50": -7.161623483047876,
        "84": -6.244308117638458,
        "maximum": -7.194497946884267,
        "median": -7.161623483047876
    },
    "J1730-2304_PDFB1_early_20CM_efac": {
        "16": 0.9945830343812216,
        "50": 1.075773464331999,
        "84": 1.1686198800063852,
        "maximum": 1.0675852739135712,
        "median": 1.075773464331999
    },
    "J1730-2304_PDFB1_early_20CM_log10_equad": {
        "16": -8.115032064271409,
        "50": -7.308622283686082,
        "84": -6.507775737185127,
        "maximum": -6.739430039461122,
        "median": -7.308622283686082
    },
    "J1730-2304_PDFB_10CM_efac": {
        "16": 1.0423028093361348,
        "50": 1.0677594924882325,
        "84": 1.094140365330817,
        "maximum": 1.0689604453213994,
        "median": 1.0677594924882325
    },
    "J1730-2304_PDFB_10CM_log10_equad": {
        "16": -8.170858060405507,
        "50": -7.481667344767593,
        "84": -6.766567373721962,
        "maximum": -8.096341364247976,
        "median": -7.481667344767593
    },
    "J1730-2304_PDFB_20CM_efac": {
        "16": 1.0254388388660094,
        "50": 1.0443241464948494,
        "84": 1.063706343157068,
        "maximum": 1.0401209433230745,
        "median": 1.0443241464948494
    },
    "J1730-2304_PDFB_20CM_log10_equad": {
        "16": -8.19268407530782,
        "50": -7.555275573031752,
        "84": -6.900001673117048,
        "maximum": -7.99504150252672,
        "median": -7.555275573031752
    },
    "J1730-2304_PDFB_40CM_efac": {
        "16": 1.104791362850877,
        "50": 1.1367057530688771,
        "84": 1.1690405203062408,
        "maximum": 1.1360803680832785,
        "median": 1.1367057530688771
    },
    "J1730-2304_PDFB_40CM_log10_equad": {
        "16": -8.08136297285761,
        "50": -7.2006162881560005,
        "84": -6.347639393870747,
        "maximum": -6.957476015811262,
        "median": -7.2006162881560005
    },
    "J1730-2304_WBCORR_10CM_efac": {
        "16": 1.2066176336920889,
        "50": 1.3011089211451752,
        "84": 1.4083381778168413,
        "maximum": 1.292457127737985,
        "median": 1.3011089211451752
    },
    "J1730-2304_WBCORR_10CM_log10_equad": {
        "16": -8.064491252457533,
        "50": -7.17441670192941,
        "84": -6.266436813620797,
        "maximum": -7.426221771011249,
        "median": -7.17441670192941
    },
    "J1730-2304_dm_gp_gamma": {
        "16": 2.292990632279652,
        "50": 3.092965734413583,
        "84": 4.649642180366558,
        "maximum": 2.388545046524757,
        "median": 3.092965734413583
    },
    "J1730-2304_dm_gp_log10_A": {
        "16": -14.305651050633632,
        "50": -13.68956460117839,
        "84": -13.396678445700767,
        "maximum": -13.523429101155324,
        "median": -13.68956460117839
    },
    "nmodel": {
        "16": -0.34006002537677116,
        "50": 9.715790358821863e-05,
        "84": 0.3400682793531405,
        "maximum": 0.2000006288878433,
        "median": 9.715790358821863e-05
    }
}