{
    "J1744-1134_CASPSR_40CM_efac": 1.2009892744800497,
    "J1744-1134_CASPSR_40CM_log10_ecorr": -6.648586396310177,
    "J1744-1134_CASPSR_40CM_log10_equad": -7.936782171884074,
    "J1744-1134_CPSR2_20CM_efac": 1.3618573398954301,
    "J1744-1134_CPSR2_20CM_log10_ecorr": -8.269662276457957,
    "J1744-1134_CPSR2_20CM_log10_equad": -5.8870370464623,
    "J1744-1134_CPSR2_50CM_efac": 1.0667654900161874,
    "J1744-1134_CPSR2_50CM_log10_ecorr": -5.95111739211745,
    "J1744-1134_CPSR2_50CM_log10_equad": -7.868346769724174,
    "J1744-1134_PDFB1_10CM_efac": 1.0238454644093808,
    "J1744-1134_PDFB1_10CM_log10_ecorr": -6.526867539762207,
    "J1744-1134_PDFB1_10CM_log10_equad": -8.381120403669753,
    "J1744-1134_PDFB1_1433_efac": 0.8826252657874742,
    "J1744-1134_PDFB1_1433_log10_ecorr": -6.898582812791869,
    "J1744-1134_PDFB1_1433_log10_equad": -6.724866026188147,
    "J1744-1134_PDFB1_20CM_efac": 1.2517763751358126,
    "J1744-1134_PDFB1_20CM_log10_ecorr": -7.074187344243796,
    "J1744-1134_PDFB1_20CM_log10_equad": -7.5868433665668285,
    "J1744-1134_PDFB1_early_10CM_efac": 1.127456510908948,
    "J1744-1134_PDFB1_early_10CM_log10_ecorr": -6.634757360968615,
    "J1744-1134_PDFB1_early_10CM_log10_equad": -6.503337488539721,
    "J1744-1134_PDFB1_early_20CM_efac": 1.0682730059757217,
    "J1744-1134_PDFB1_early_20CM_log10_ecorr": -6.346354171299474,
    "J1744-1134_PDFB1_early_20CM_log10_equad": -7.468184261029464,
    "J1744-1134_PDFB_10CM_efac": 1.0176819893846247,
    "J1744-1134_PDFB_10CM_log10_ecorr": -7.123502251694306,
    "J1744-1134_PDFB_10CM_log10_equad": -6.837912191420525,
    "J1744-1134_PDFB_20CM_efac": 1.0484026121775882,
    "J1744-1134_PDFB_20CM_log10_ecorr": -6.699002341856284,
    "J1744-1134_PDFB_20CM_log10_equad": -7.238327897110407,
    "J1744-1134_PDFB_40CM_efac": 1.0841189829790103,
    "J1744-1134_PDFB_40CM_log10_ecorr": -6.515309867753208,
    "J1744-1134_PDFB_40CM_log10_equad": -8.289461161224143,
    "J1744-1134_WBCORR_10CM_efac": 1.1746381808952617,
    "J1744-1134_WBCORR_10CM_log10_ecorr": -6.487309090935188,
    "J1744-1134_WBCORR_10CM_log10_equad": -7.214871919571769,
    "J1744-1134_dm_gp_gamma": 1.745291309490451,
    "J1744-1134_dm_gp_log10_A": -13.643320843974116,
    "J1744-1134_red_noise_1020cm_1020cm_gamma": 1.0009246179008924,
    "J1744-1134_red_noise_1020cm_1020cm_log10_A": -13.570835802076573,
    "nmodel": 0.3799999701523358
}