{
    "J1744-1134_CASPSR_40CM_efac": {
        "16": 1.1701818751652473,
        "50": 1.2168650682998563,
        "84": 1.2659642241230653,
        "maximum": 1.1950725890185125,
        "median": 1.2168650682998563
    },
    "J1744-1134_CASPSR_40CM_log10_ecorr": {
        "16": -7.835948920330178,
        "50": -6.838402674683503,
        "84": -6.568167596970377,
        "maximum": -6.648574334026573,
        "median": -6.838402674683503
    },
    "J1744-1134_CASPSR_40CM_log10_equad": {
        "16": -8.218434114815008,
        "50": -7.633858450220521,
        "84": -7.043411642518237,
        "maximum": -7.41692105891793,
        "median": -7.633858450220521
    },
    "J1744-1134_CPSR2_20CM_efac": {
        "16": 1.3154379897075947,
        "50": 1.375229292454833,
        "84": 1.4389403058614534,
        "maximum": 1.3618573398954301,
        "median": 1.375229292454833
    },
    "J1744-1134_CPSR2_20CM_log10_ecorr": {
        "16": -8.223083564010215,
        "50": -7.629183429031697,
        "84": -7.008955706806114,
        "maximum": -8.274657867726374,
        "median": -7.629183429031697
    },
    "J1744-1134_CPSR2_20CM_log10_equad": {
        "16": -5.917807991852074,
        "50": -5.883801558234744,
        "84": -5.851962205626359,
        "maximum": -5.884188008228704,
        "median": -5.883801558234744
    },
    "J1744-1134_CPSR2_50CM_efac": {
        "16": 1.0319233926705247,
        "50": 1.0702037766117414,
        "84": 1.1107573375034643,
        "maximum": 1.0645084731875607,
        "median": 1.0702037766117414
    },
    "J1744-1134_CPSR2_50CM_log10_ecorr": {
        "16": -6.011930942369419,
        "50": -5.953251466271121,
        "84": -5.896324549453062,
        "maximum": -5.955805314210625,
        "median": -5.953251466271121
    },
    "J1744-1134_CPSR2_50CM_log10_equad": {
        "16": -8.194636074338895,
        "50": -7.562979311440005,
        "84": -6.91137794739663,
        "maximum": -8.499995254426542,
        "median": -7.562979311440005
    },
    "J1744-1134_PDFB1_10CM_efac": {
        "16": 0.9700923834212622,
        "50": 1.0660721621440281,
        "84": 1.1743490092435953,
        "maximum": 1.0319129308703985,
        "median": 1.0660721621440281
    },
    "J1744-1134_PDFB1_10CM_log10_ecorr": {
        "16": -8.074046024440898,
        "50": -7.20622055216522,
        "84": -6.388225986686496,
        "maximum": -6.711759429556072,
        "median": -7.20622055216522
    },
    "J1744-1134_PDFB1_10CM_log10_equad": {
        "16": -8.113612737562775,
        "50": -7.294319876732645,
        "84": -6.426813542262039,
        "maximum": -7.668712913491538,
        "median": -7.294319876732645
    },
    "J1744-1134_PDFB1_1433_efac": {
        "16": 0.7092379733591682,
        "50": 0.9232977464257075,
        "84": 1.1704082349249405,
        "maximum": 0.8904289017863459,
        "median": 0.9232977464257075
    },
    "J1744-1134_PDFB1_1433_log10_ecorr": {
        "16": -8.104510491198685,
        "50": -7.29372223399277,
        "84": -6.481054924826408,
        "maximum": -7.804942419338534,
        "median": -7.29372223399277
    },
    "J1744-1134_PDFB1_1433_log10_equad": {
        "16": -8.142959068048912,
        "50": -7.4092677209204405,
        "84": -6.7729511333783785,
        "maximum": -6.710974265386943,
        "median": -7.4092677209204405
    },
    "J1744-1134_PDFB1_20CM_efac": {
        "16": 1.2059372506162078,
        "50": 1.2648124022439466,
        "84": 1.329718529623054,
        "maximum": 1.253403486648947,
        "median": 1.2648124022439466
    },
    "J1744-1134_PDFB1_20CM_log10_ecorr": {
        "16": -8.15496996288085,
        "50": -7.478589036989771,
        "84": -6.9072839365886525,
        "maximum": -7.140988303268298,
        "median": -7.478589036989771
    },
    "J1744-1134_PDFB1_20CM_log10_equad": {
        "16": -8.242437003046028,
        "50": -7.718536093327631,
        "84": -7.19532238338898,
        "maximum": -8.19485976368015,
        "median": -7.718536093327631
    },
    "J1744-1134_PDFB1_early_10CM_efac": {
        "16": 1.0232896223248324,
        "50": 1.1702884569149146,
        "84": 1.3490937531978624,
        "maximum": 1.1488449204264215,
        "median": 1.1702884569149146
    },
    "J1744-1134_PDFB1_early_10CM_log10_ecorr": {
        "16": -8.065637938864542,
        "50": -7.170776691559553,
        "84": -6.353407073321896,
        "maximum": -6.565674838396147,
        "median": -7.170776691559553
    },
    "J1744-1134_PDFB1_early_10CM_log10_equad": {
        "16": -8.07033868075572,
        "50": -7.198434936077303,
        "84": -6.352524732135863,
        "maximum": -7.471414737040087,
        "median": -7.198434936077303
    },
    "J1744-1134_PDFB1_early_20CM_efac": {
        "16": 1.0071212855295093,
        "50": 1.0815388774854564,
        "84": 1.166354231023716,
        "maximum": 1.0614708409370661,
        "median": 1.0815388774854564
    },
    "J1744-1134_PDFB1_early_20CM_log10_ecorr": {
        "16": -6.461892793763643,
        "50": -6.312805275995264,
        "84": -6.177154576305957,
        "maximum": -6.310346093691651,
        "median": -6.312805275995264
    },
    "J1744-1134_PDFB1_early_20CM_log10_equad": {
        "16": -8.229836859424568,
        "50": -7.660225991251005,
        "84": -7.099101276234908,
        "maximum": -7.46818095153738,
        "median": -7.660225991251005
    },
    "J1744-1134_PDFB_10CM_efac": {
        "16": 0.9972394581186383,
        "50": 1.0171546747784417,
        "84": 1.037086149156443,
        "maximum": 1.018111120935334,
        "median": 1.0171546747784417
    },
    "J1744-1134_PDFB_10CM_log10_ecorr": {
        "16": -8.204280322527518,
        "50": -7.6014077609153095,
        "84": -7.038013531546367,
        "maximum": -7.204471535787484,
        "median": -7.6014077609153095
    },
    "J1744-1134_PDFB_10CM_log10_equad": {
        "16": -8.177449712762451,
        "50": -7.502970161568883,
        "84": -6.87678838433183,
        "maximum": -6.847006922493105,
        "median": -7.502970161568883
    },
    "J1744-1134_PDFB_20CM_efac": {
        "16": 1.0304214699318799,
        "50": 1.0489826882944,
        "84": 1.0673957467337079,
        "maximum": 1.051677807188835,
        "median": 1.0489826882944
    },
    "J1744-1134_PDFB_20CM_log10_ecorr": {
        "16": -6.753071358138495,
        "50": -6.700092397697595,
        "84": -6.650520037506254,
        "maximum": -6.7010363277342755,
        "median": -6.700092397697595
    },
    "J1744-1134_PDFB_20CM_log10_equad": {
        "16": -7.8311257130396825,
        "50": -7.334011731611006,
        "84": -7.1568136613154865,
        "maximum": -7.270677753584723,
        "median": -7.334011731611006
    },
    "J1744-1134_PDFB_40CM_efac": {
        "16": 1.0598920748913196,
        "50": 1.0881634578490076,
        "84": 1.117483059607377,
        "maximum": 1.0841189829790103,
        "median": 1.0881634578490076
    },
    "J1744-1134_PDFB_40CM_log10_ecorr": {
        "16": -6.689414458657174,
        "50": -6.545214067038507,
        "84": -6.439500658625952,
        "maximum": -6.561453438422173,
        "median": -6.545214067038507
    },
    "J1744-1134_PDFB_40CM_log10_equad": {
        "16": -8.231055974663375,
        "50": -7.650175554090749,
        "84": -7.084382637157934,
        "maximum": -7.5738185807251845,
        "median": -7.650175554090749
    },
    "J1744-1134_WBCORR_10CM_efac": {
        "16": 1.1186498034126537,
        "50": 1.1805410101845504,
        "84": 1.2465409402733318,
        "maximum": 1.161280010745763,
        "median": 1.1805410101845504
    },
    "J1744-1134_WBCORR_10CM_log10_ecorr": {
        "16": -8.100738866544463,
        "50": -7.254184739263506,
        "84": -6.47029038756394,
        "maximum": -6.556290644007202,
        "median": -7.254184739263506
    },
    "J1744-1134_WBCORR_10CM_log10_equad": {
        "16": -8.123520405207067,