{
    "J1824-2452A_CASPSR_40CM_efac": {
        "16": 1.1384277784427745,
        "50": 1.2501931857135418,
        "84": 1.3711932546890557,
        "maximum": 1.2257111871535236,
        "median": 1.2501931857135418
    },
    "J1824-2452A_CASPSR_40CM_log10_ecorr": {
        "16": -7.5522778512351625,
        "50": -6.078732228937535,
        "84": -5.6974866198896645,
        "maximum": -5.850372805682983,
        "median": -6.078732228937535
    },
    "J1824-2452A_CASPSR_40CM_log10_equad": {
        "16": -8.086027761869012,
        "50": -7.203393628125036,
        "84": -6.343770246865876,
        "maximum": -6.656414574308791,
        "median": -7.203393628125036
    },
    "J1824-2452A_CPSR2_20CM_efac": {
        "16": 0.9375095063799493,
        "50": 1.0056312239896505,
        "84": 1.070866269466511,
        "maximum": 0.9924885293196888,
        "median": 1.0056312239896505
    },
    "J1824-2452A_CPSR2_20CM_log10_ecorr": {
        "16": -8.127424278867876,
        "50": -7.369460970594661,
        "84": -6.654891168274556,
        "maximum": -6.670838229857767,
        "median": -7.369460970594661
    },
    "J1824-2452A_CPSR2_20CM_log10_equad": {
        "16": -8.12713677579697,
        "50": -7.347147227626494,
        "84": -6.543625382565267,
        "maximum": -8.184303916386966,
        "median": -7.347147227626494
    },
    "J1824-2452A_CPSR2_50CM_efac": {
        "16": 1.062528839392485,
        "50": 1.1182632890076727,
        "84": 1.1786598248387126,
        "maximum": 1.10316829133331,
        "median": 1.1182632890076727
    },
    "J1824-2452A_CPSR2_50CM_log10_ecorr": {
        "16": -7.830017871892576,
        "50": -6.512958113060952,
        "84": -5.960504960215057,
        "maximum": -5.9967393551295025,
        "median": -6.512958113060952
    },
    "J1824-2452A_CPSR2_50CM_log10_equad": {
        "16": -8.124003803452265,
        "50": -7.3576607356313035,
        "84": -6.568974401596613,
        "maximum": -7.713260545002703,
        "median": -7.3576607356313035
    },
    "J1824-2452A_PDFB1_10CM_efac": {
        "16": 0.6591755211828646,
        "50": 0.957169594653005,
        "84": 1.2511740724203784,
        "maximum": 0.8918918811491195,
        "median": 0.957169594653005
    },
    "J1824-2452A_PDFB1_10CM_log10_ecorr": {
        "16": -8.05716366223456,
        "50": -7.157397601088114,
        "84": -6.258337366260054,
        "maximum": -7.241408065155452,
        "median": -7.157397601088114
    },
    "J1824-2452A_PDFB1_10CM_log10_equad": {
        "16": -7.941079025216134,
        "50": -6.801112222130791,
        "84": -5.843091716903918,
        "maximum": -5.842220483771564,
        "median": -6.801112222130791
    },
    "J1824-2452A_PDFB1_1433_efac": {
        "16": 0.607072264670181,
        "50": 0.7507660168651968,
        "84": 0.9099794519504198,
        "maximum": 0.6983815171049421,
        "median": 0.7507660168651968
    },
    "J1824-2452A_PDFB1_1433_log10_ecorr": {
        "16": -8.08691412988257,
        "50": -7.2224998167432535,
        "84": -6.341821810904982,
        "maximum": -7.802115418261899,
        "median": -7.2224998167432535
    },
    "J1824-2452A_PDFB1_1433_log10_equad": {
        "16": -8.04080672932251,
        "50": -7.053346744613514,
        "84": -6.123443832430072,
        "maximum": -6.1428716772116445,
        "median": -7.053346744613514
    },
    "J1824-2452A_PDFB1_20CM_efac": {
        "16": 0.9670213871022352,
        "50": 1.032714959167228,
        "84": 1.095336601039087,
        "maximum": 1.031878162416734,
        "median": 1.032714959167228
    },
    "J1824-2452A_PDFB1_20CM_log10_ecorr": {
        "16": -8.128465259216158,
        "50": -7.360340021926393,
        "84": -6.580730513005479,
        "maximum": -6.968493785939682,
        "median": -7.360340021926393
    },
    "J1824-2452A_PDFB1_20CM_log10_equad": {
        "16": -8.03199594855088,
        "50": -7.055967624346037,
        "84": -6.124659919127929,
        "maximum": -6.139361213329461,
        "median": -7.055967624346037
    },
    "J1824-2452A_PDFB1_early_10CM_efac": {
        "16": 0.7471509844044241,
        "50": 1.2302430842475793,
        "84": 1.9937509251772336,
        "maximum": 0.9902410945855904,
        "median": 1.2302430842475793
    },
    "J1824-2452A_PDFB1_early_10CM_log10_ecorr": {
        "16": -8.001109102057535,
        "50": -6.917914926822315,
        "84": -5.83121973243868,
        "maximum": -6.610118987289515,
        "median": -6.917914926822315
    },
    "J1824-2452A_PDFB1_early_10CM_log10_equad": {
        "16": -7.994314029770711,
        "50": -6.926135771454897,
        "84": -5.890319892114098,
        "maximum": -5.980143615305455,
        "median": -6.926135771454897
    },
    "J1824-2452A_PDFB1_early_20CM_efac": {
        "16": 0.9351909749645714,
        "50": 1.0875022313155456,
        "84": 1.2115138658384779,
        "maximum": 1.0708790823354932,
        "median": 1.0875022313155456
    },
    "J1824-2452A_PDFB1_early_20CM_log10_ecorr": {
        "16": -8.114672270341735,
        "50": -7.339947375375146,
        "84": -6.539642609253211,
        "maximum": -8.06745386748936,
        "median": -7.339947375375146
    },
    "J1824-2452A_PDFB1_early_20CM_log10_equad": {
        "16": -7.993317140439048,
        "50": -6.914829702869885,
        "84": -5.864217435395485,
        "maximum": -5.589585827726651,
        "median": -6.914829702869885
    },
    "J1824-2452A_PDFB_10CM_efac": {
        "16": 0.8579451736088739,
        "50": 0.9303202295283797,
        "84": 0.9972358386354402,
        "maximum": 0.9361934364695449,
        "median": 0.9303202295283797
    },
    "J1824-2452A_PDFB_10CM_log10_ecorr": {
        "16": -7.575357325144095,
        "50": -6.299157478979432,
        "84": -6.077178276272544,
        "maximum": -6.131162697590166,
        "median": -6.299157478979432
    },
    "J1824-2452A_PDFB_10CM_log10_equad": {
        "16": -8.078902335861526,
        "50": -7.1791029130381,
        "84": -6.322445540907287,
        "maximum": -6.33713271852441,
        "median": -7.1791029130381
    },
    "J1824-2452A_PDFB_20CM_efac": {
        "16": 1.0089511703444054,
        "50": 1.0330342574133073,
        "84": 1.056391302861772,
        "maximum": 1.0350476697710635,
        "median": 1.0330342574133073
    },
    "J1824-2452A_PDFB_20CM_log10_ecorr": {
        "16": -6.078078950634295,
        "50": -6.031233783175228,
        "84": -5.986907677947064,
        "maximum": -6.037207383181353,
        "median": -6.031233783175228
    },
    "J1824-2452A_PDFB_20CM_log10_equad": {
        "16": -8.204134265157682,
        "50": -7.575922750094319,
        "84": -6.9335121695566,
        "maximum": -8.193363861222753,
        "median": -7.575922750094319
    },
    "J1824-2452A_PDFB_40CM_efac": {
        "16": 1.004978648835371,
        "50": 1.0451684489595154,
        "84": 1.0877874920713948,
        "maximum": 1.0390300007229354,
        "median": 1.0451684489595154
    },
    "J1824-2452A_PDFB_40CM_log10_ecorr": {
        "16": -7.914244022736524,
        "50": -6.71696301236642,
        "84": -5.860553151992038,
        "maximum": -5.900304541910399,
        "median": -6.71696301236642
    },
    "J1824-2452A_PDFB_40CM_log10_equad": {
        "16": -8.089876993602337,
        "50": -7.255862804429535,
        "84": -6.416926807281671,
        "maximum": -6.954986300306757,
        "median": -7.255862804429535
    },
    "J1824-2452A_WBCORR_10CM_efac": {
        "16": 2.0323964542570185,
        "50": 2.919541313353905,
        "84": 4.424708820563607,
        "maximum": 2.4095228867809473,
        "median": 2.919541313353905
    },
    "J1824-2452A_WBCORR_10CM_log10_ecorr": {
        "16": -7.928201777227667,
        "50": -6.721723811784829,
        "84": -5.522195052889969,
        "maximum": -5.070008996794427,
        "median": -6.721723811784829
    },