{
    "J1832-0836_CASPSR_40CM_efac": {
        "16": 0.9089832991507542,
        "50": 1.2881902459292411,
        "84": 1.8823353903158064,
        "maximum": 1.003192829749811,
        "median": 1.2881902459292411
    },
    "J1832-0836_CASPSR_40CM_log10_equad": {
        "16": -8.022323571679316,
        "50": -7.012666468118439,
        "84": -5.991615321951146,
        "maximum": -8.220003464703552,
        "median": -7.012666468118439
    },
    "J1832-0836_PDFB_10CM_efac": {
        "16": 0.9503169281379026,
        "50": 1.080925371221299,
        "84": 1.21072102547512,
        "maximum": 1.0797583991681636,
        "median": 1.080925371221299
    },
    "J1832-0836_PDFB_10CM_log10_equad": {
        "16": -8.077749182023219,
        "50": -7.192461424264025,
        "84": -6.328197558874064,
        "maximum": -6.2626406141065445,
        "median": -7.192461424264025
    },
    "J1832-0836_PDFB_20CM_efac": {
        "16": 0.8730807535489932,
        "50": 0.9307849844166438,
        "84": 0.9818681200543669,
        "maximum": 0.9194841543365251,
        "median": 0.9307849844166438
    },
    "J1832-0836_PDFB_20CM_log10_equad": {
        "16": -8.101095915088719,
        "50": -7.257125512695899,
        "84": -6.443610406228428,
        "maximum": -6.389141758522448,
        "median": -7.257125512695899
    },
    "J1832-0836_PDFB_40CM_efac": {
        "16": 0.44716333715043877,
        "50": 1.3174408561214377,
        "84": 1.902094432871082,
        "maximum": 1.4214764446394665,
        "median": 1.3174408561214377
    },
    "J1832-0836_PDFB_40CM_log10_equad": {
        "16": -7.686062535363747,
        "50": -6.0074949308324745,
        "84": -5.459508422855823,
        "maximum": -5.49258996525881,
        "median": -6.0074949308324745
    },
    "J1832-0836_dm_gp_gamma": {
        "16": 2.742316041652678,
        "50": 4.053649129045869,
        "84": 7.2597098831355815,
        "maximum": 2.983303857088517,
        "median": 4.053649129045869
    },
    "J1832-0836_dm_gp_log10_A": {
        "16": -14.319631415474403,
        "50": -13.24873841197645,
        "84": -12.871000175429385,
        "maximum": -12.977583619262344,
        "median": -13.24873841197645
    },
    "nmodel": {
        "16": -0.33980565679924607,
        "50": 0.000416685197793476,
        "84": 0.3402422169644125,
        "maximum": 0.31999920728029146,
        "median": 0.000416685197793476
    }
}