{
    "J1832-0836_CASPSR_40CM_efac": 1.003192829749811,
    "J1832-0836_CASPSR_40CM_log10_equad": -7.730266180801617,
    "J1832-0836_PDFB_10CM_efac": 1.0443782388059162,
    "J1832-0836_PDFB_10CM_log10_equad": -6.2626406141065445,
    "J1832-0836_PDFB_20CM_efac": 0.9194841543365251,
    "J1832-0836_PDFB_20CM_log10_equad": -6.441913013086763,
    "J1832-0836_PDFB_40CM_efac": 1.3993366227782447,
    "J1832-0836_PDFB_40CM_log10_equad": -5.492138559422923,
    "J1832-0836_dm_gp_gamma": 2.983303857088517,
    "J1832-0836_dm_gp_log10_A": -12.977583619262344,
    "nmodel": 0.31999920728029146
}