{
    "J1857+0943_CASPSR_40CM_efac": {
        "16": 1.044719270716066,
        "50": 1.1051797597158737,
        "84": 1.1713938860149442,
        "maximum": 1.091754863774073,
        "median": 1.1051797597158737
    },
    "J1857+0943_CASPSR_40CM_log10_equad": {
        "16": -8.079323654824552,
        "50": -7.203893171690143,
        "84": -6.307519861387504,
        "maximum": -7.70265256066791,
        "median": -7.203893171690143
    },
    "J1857+0943_CPSR2_20CM_efac": {
        "16": 1.045239332367327,
        "50": 1.1019712977516223,
        "84": 1.163100773105024,
        "maximum": 1.0881929101628576,
        "median": 1.1019712977516223
    },
    "J1857+0943_CPSR2_20CM_log10_equad": {
        "16": -5.949187998250922,
        "50": -5.8324216635808765,
        "84": -5.7421633159572005,
        "maximum": -5.85734763690683,
        "median": -5.8324216635808765
    },
    "J1857+0943_CPSR2_50CM_efac": {
        "16": 0.9846587972055882,
        "50": 1.0256904391632171,
        "84": 1.0697059082863678,
        "maximum": 1.0172835933809918,
        "median": 1.0256904391632171
    },
    "J1857+0943_CPSR2_50CM_log10_equad": {
        "16": -8.074306620543759,
        "50": -7.189927029270654,
        "84": -6.308363525842693,
        "maximum": -6.986595253248475,
        "median": -7.189927029270654
    },
    "J1857+0943_PDFB1_10CM_efac": {
        "16": 1.0413169131654627,
        "50": 1.157316479718964,
        "84": 1.2957642391151234,
        "maximum": 1.104836448240986,
        "median": 1.157316479718964
    },
    "J1857+0943_PDFB1_10CM_log10_equad": {
        "16": -8.068415006659484,
        "50": -7.172178833472112,
        "84": -6.259076571895828,
        "maximum": -7.762158537001487,
        "median": -7.172178833472112
    },
    "J1857+0943_PDFB1_1433_efac": {
        "16": 0.9438411797954571,
        "50": 1.0637531646102105,
        "84": 1.2077698279287092,
        "maximum": 1.0165494672803195,
        "median": 1.0637531646102105
    },
    "J1857+0943_PDFB1_1433_log10_equad": {
        "16": -8.06954608071175,
        "50": -7.165758834598083,
        "84": -6.262673714970985,
        "maximum": -6.288579769609374,
        "median": -7.165758834598083
    },
    "J1857+0943_PDFB1_20CM_efac": {
        "16": 1.1792022399465147,
        "50": 1.2457178115505556,
        "84": 1.3171719945828486,
        "maximum": 1.2342872383911723,
        "median": 1.2457178115505556
    },
    "J1857+0943_PDFB1_20CM_log10_equad": {
        "16": -8.092841708067418,
        "50": -7.233664879442083,
        "84": -6.413138165123336,
        "maximum": -6.584714170741509,
        "median": -7.233664879442083
    },
    "J1857+0943_PDFB1_early_10CM_efac": {
        "16": 1.1049410757403133,
        "50": 1.4438099015634989,
        "84": 1.8185968873552507,
        "maximum": 1.3886114021374567,
        "median": 1.4438099015634989
    },
    "J1857+0943_PDFB1_early_10CM_log10_equad": {
        "16": -7.880077006890565,
        "50": -6.615646647602803,
        "84": -5.564013096028056,
        "maximum": -5.560019481367672,
        "median": -6.615646647602803
    },
    "J1857+0943_PDFB1_early_20CM_efac": {
        "16": 0.9940519061592433,
        "50": 1.0833332370359308,
        "84": 1.1841008483043831,
        "maximum": 1.06349512145723,
        "median": 1.0833332370359308
    },
    "J1857+0943_PDFB1_early_20CM_log10_equad": {
        "16": -8.047292066167106,
        "50": -7.104913936206594,
        "84": -6.249328615405105,
        "maximum": -6.242352056721851,
        "median": -7.104913936206594
    },
    "J1857+0943_PDFB_10CM_efac": {
        "16": 1.08055837748041,
        "50": 1.1153134039936234,
        "84": 1.1512567659775201,
        "maximum": 1.1120920681882271,
        "median": 1.1153134039936234
    },
    "J1857+0943_PDFB_10CM_log10_equad": {
        "16": -8.075571182414265,
        "50": -7.19307231693448,
        "84": -6.379415762963602,
        "maximum": -6.318445312623932,
        "median": -7.19307231693448
    },
    "J1857+0943_PDFB_20CM_efac": {
        "16": 1.0814125990052978,
        "50": 1.1018623122427902,
        "84": 1.1228112935590118,
        "maximum": 1.0996472112110496,
        "median": 1.1018623122427902
    },
    "J1857+0943_PDFB_20CM_log10_equad": {
        "16": -8.204248343703005,
        "50": -7.58453192404778,
        "84": -6.938279160265516,
        "maximum": -8.222633117210005,
        "median": -7.58453192404778
    },
    "J1857+0943_PDFB_40CM_efac": {
        "16": 1.0542937799491712,
        "50": 1.0848097101051426,
        "84": 1.11604337767968,
        "maximum": 1.0798134570035993,
        "median": 1.0848097101051426
    },
    "J1857+0943_PDFB_40CM_log10_equad": {
        "16": -8.080305880245282,
        "50": -7.189226089450979,
        "84": -6.280791070002785,
        "maximum": -8.13005865414661,
        "median": -7.189226089450979
    },
    "J1857+0943_WBCORR_10CM_efac": {
        "16": 0.8310265365912856,
        "50": 0.9393451064358844,
        "84": 1.06635342912485,
        "maximum": 0.9063670548408591,
        "median": 0.9393451064358844
    },
    "J1857+0943_WBCORR_10CM_log10_equad": {
        "16": -8.036656064797373,
        "50": -7.082278234044142,
        "84": -6.113663497991126,
        "maximum": -7.905456460838398,
        "median": -7.082278234044142
    },
    "J1857+0943_dm_gp_gamma": {
        "16": 2.1264821557612055,
        "50": 2.655537187746914,
        "84": 3.336317011640152,
        "maximum": 2.377566691452887,
        "median": 2.655537187746914
    },
    "J1857+0943_dm_gp_log10_A": {
        "16": -13.614543961846344,
        "50": -13.409498292806138,
        "84": -13.257859596124641,
        "maximum": -13.36070938867286,
        "median": -13.409498292806138
    },
    "J1857+0943_red_noise_gamma": {
        "16": 5.134864046669097,
        "50": 7.489400529752117,
        "84": 9.247041783723306,
        "maximum": 9.818485520396507,
        "median": 7.489400529752117
    },
    "J1857+0943_red_noise_log10_A": {
        "16": -16.965878363204997,
        "50": -15.974292865278613,
        "84": -14.676306971560987,
        "maximum": -16.864686375819034,
        "median": -15.974292865278613
    },
    "nmodel": {
        "16": -0.34050407581901404,
        "50": -0.00025682396893511594,
        "84": 0.34027359484653774,
        "maximum": 3.853232677375473e-08,
        "median": -0.00025682396893511594
    }
}