{
    "J1857+0943_CASPSR_40CM_efac": 1.091754863774073,
    "J1857+0943_CASPSR_40CM_log10_equad": -7.70265256066791,
    "J1857+0943_CPSR2_20CM_efac": 1.0942837443517277,
    "J1857+0943_CPSR2_20CM_log10_equad": -5.8647089929140765,
    "J1857+0943_CPSR2_50CM_efac": 1.0172835933809918,
    "J1857+0943_CPSR2_50CM_log10_equad": -6.92353674796426,
    "J1857+0943_PDFB1_10CM_efac": 1.1067692486667347,
    "J1857+0943_PDFB1_10CM_log10_equad": -7.829238731052969,
    "J1857+0943_PDFB1_1433_efac": 1.01527803621161,
    "J1857+0943_PDFB1_1433_log10_equad": -6.5902102130365785,
    "J1857+0943_PDFB1_20CM_efac": 1.2342872383911723,
    "J1857+0943_PDFB1_20CM_log10_equad": -6.584714170741509,
    "J1857+0943_PDFB1_early_10CM_efac": 1.3886114021374567,
    "J1857+0943_PDFB1_early_10CM_log10_equad": -5.560019481367672,
    "J1857+0943_PDFB1_early_20CM_efac": 1.053382679645026,
    "J1857+0943_PDFB1_early_20CM_log10_equad": -6.242352056721851,
    "J1857+0943_PDFB_10CM_efac": 1.108666452088695,
    "J1857+0943_PDFB_10CM_log10_equad": -6.324344440992238,
    "J1857+0943_PDFB_20CM_efac": 1.0996472112110496,
    "J1857+0943_PDFB_20CM_log10_equad": -8.083354745944998,
    "J1857+0943_PDFB_40CM_efac": 1.0815281691488294,
    "J1857+0943_PDFB_40CM_log10_equad": -7.0773311492585025,
    "J1857+0943_WBCORR_10CM_efac": 0.9063670548408591,
    "J1857+0943_WBCORR_10CM_log10_equad": -6.590573578282282,
    "J1857+0943_dm_gp_gamma": 2.3505447991736164,
    "J1857+0943_dm_gp_log10_A": -13.412317191715385,
    "J1857+0943_red_noise_gamma": 9.818485520396507,
    "J1857+0943_red_noise_log10_A": -16.79531558653872,
    "nmodel": -0.4999998527044469
}