{
    "J1909-3744_CASPSR_40CM_efac": 1.0788713050992258,
    "J1909-3744_CASPSR_40CM_log10_ecorr": -6.947288245114126,
    "J1909-3744_CASPSR_40CM_log10_equad": -8.134494150799492,
    "J1909-3744_CPSR2_20CM_efac": 1.026476936480415,
    "J1909-3744_CPSR2_20CM_log10_ecorr": -7.342975097959624,
    "J1909-3744_CPSR2_20CM_log10_equad": -7.412198354322387,
    "J1909-3744_CPSR2_50CM_efac": 1.065262079921569,
    "J1909-3744_CPSR2_50CM_log10_ecorr": -6.796943217839628,
    "J1909-3744_CPSR2_50CM_log10_equad": -7.299762760678055,
    "J1909-3744_PDFB1_10CM_efac": 1.0087426775307597,
    "J1909-3744_PDFB1_10CM_log10_ecorr": -7.61620986849766,
    "J1909-3744_PDFB1_10CM_log10_equad": -8.009797229381672,
    "J1909-3744_PDFB1_1433_efac": 1.040361862574975,
    "J1909-3744_PDFB1_1433_log10_ecorr": -6.357524345002172,
    "J1909-3744_PDFB1_1433_log10_equad": -7.638437702148649,
    "J1909-3744_PDFB1_20CM_efac": 1.0256881594804583,
    "J1909-3744_PDFB1_20CM_log10_ecorr": -7.182744000395399,
    "J1909-3744_PDFB1_20CM_log10_equad": -8.365689233074821,
    "J1909-3744_PDFB1_early_10CM_efac": 1.0736650009176574,
    "J1909-3744_PDFB1_early_10CM_log10_ecorr": -6.732765285241354,
    "J1909-3744_PDFB1_early_10CM_log10_equad": -7.367955420973254,
    "J1909-3744_PDFB1_early_20CM_efac": 0.9293996284806194,
    "J1909-3744_PDFB1_early_20CM_log10_ecorr": -6.7189516869202555,
    "J1909-3744_PDFB1_early_20CM_log10_equad": -7.638289126752911,
    "J1909-3744_PDFB_10CM_efac": 1.0178250986803237,
    "J1909-3744_PDFB_10CM_log10_ecorr": -7.394304806092928,
    "J1909-3744_PDFB_10CM_log10_equad": -8.404459838061436,
    "J1909-3744_PDFB_20CM_efac": 1.0314469618027686,
    "J1909-3744_PDFB_20CM_log10_ecorr": -7.230597149780591,
    "J1909-3744_PDFB_20CM_log10_equad": -8.43076751559273,
    "J1909-3744_PDFB_40CM_efac": 1.0006264937158147,
    "J1909-3744_PDFB_40CM_log10_ecorr": -6.6358666659308225,
    "J1909-3744_PDFB_40CM_log10_equad": -7.91813413562037,
    "J1909-3744_WBCORR_10CM_efac": 1.1049043737321516,
    "J1909-3744_WBCORR_10CM_log10_ecorr": -6.4310902383810085,
    "J1909-3744_WBCORR_10CM_log10_equad": -7.795792852075046,
    "J1909-3744_dm_gp_gamma": 1.4010848896501906,
    "J1909-3744_dm_gp_log10_A": -13.703985480528237,
    "J1909-3744_red_noise_4050cm_4050cm_gamma": 0.5966042931871932,
    "J1909-3744_red_noise_4050cm_4050cm_log10_A": -13.533441176657917,
    "J1909-3744_red_noise_gamma": 3.9078087100478727,
    "J1909-3744_red_noise_log10_A": -14.78064086118766,
    "nmodel": -0.07999596281060284
}