{
    "J1909-3744_CASPSR_40CM_efac": {
        "16": 1.0622636529986313,
        "50": 1.0872573837001183,
        "84": 1.1102619692605837,
        "maximum": 1.084614575041063,
        "median": 1.0872573837001183
    },
    "J1909-3744_CASPSR_40CM_log10_ecorr": {
        "16": -7.031121931666516,
        "50": -6.952466714005531,
        "84": -6.886599392542201,
        "maximum": -6.954309308431236,
        "median": -6.952466714005531
    },
    "J1909-3744_CASPSR_40CM_log10_equad": {
        "16": -8.283070770162455,
        "50": -7.884154488102366,
        "84": -7.457235019548127,
        "maximum": -8.256666040635658,
        "median": -7.884154488102366
    },
    "J1909-3744_CPSR2_20CM_efac": {
        "16": 1.0089120125199122,
        "50": 1.0252830041176164,
        "84": 1.0429947340967753,
        "maximum": 1.0255276881716722,
        "median": 1.0252830041176164
    },
    "J1909-3744_CPSR2_20CM_log10_ecorr": {
        "16": -7.585472994517045,
        "50": -7.376579167136028,
        "84": -7.258963187111747,
        "maximum": -7.338269856518253,
        "median": -7.376579167136028
    },
    "J1909-3744_CPSR2_20CM_log10_equad": {
        "16": -8.238757594763053,
        "50": -7.7486177037395665,
        "84": -7.401010730559302,
        "maximum": -7.555543104132721,
        "median": -7.7486177037395665
    },
    "J1909-3744_CPSR2_50CM_efac": {
        "16": 1.0351539324736196,
        "50": 1.0618085881820505,
        "84": 1.092375031646227,
        "maximum": 1.053066104267254,
        "median": 1.0618085881820505
    },
    "J1909-3744_CPSR2_50CM_log10_ecorr": {
        "16": -6.9761120154616085,
        "50": -6.809475096319401,
        "84": -6.699814682947338,
        "maximum": -6.794297095300652,
        "median": -6.809475096319401
    },
    "J1909-3744_CPSR2_50CM_log10_equad": {
        "16": -8.185145922324732,
        "50": -7.593611191156156,
        "84": -7.189516380006887,
        "maximum": -7.376405713496133,
        "median": -7.593611191156156
    },
    "J1909-3744_PDFB1_10CM_efac": {
        "16": 0.9654150651532997,
        "50": 1.0136565618829279,
        "84": 1.066052624037233,
        "maximum": 1.0095810932302947,
        "median": 1.0136565618829279
    },
    "J1909-3744_PDFB1_10CM_log10_ecorr": {
        "16": -8.285985438931743,
        "50": -7.873914444702268,
        "84": -7.4407302631337275,
        "maximum": -8.25424702697788,
        "median": -7.873914444702268
    },
    "J1909-3744_PDFB1_10CM_log10_equad": {
        "16": -8.27963411436589,
        "50": -7.834818353590007,
        "84": -7.365721679184666,
        "maximum": -7.946071249101668,
        "median": -7.834818353590007
    },
    "J1909-3744_PDFB1_1433_efac": {
        "16": 0.9836142314030878,
        "50": 1.0502482598506804,
        "84": 1.122139380107058,
        "maximum": 1.0175963713766971,
        "median": 1.0502482598506804
    },
    "J1909-3744_PDFB1_1433_log10_ecorr": {
        "16": -6.421257040081229,
        "50": -6.331842051844249,
        "84": -6.2412604950240524,
        "maximum": -6.350180096786187,
        "median": -6.331842051844249
    },
    "J1909-3744_PDFB1_1433_log10_equad": {
        "16": -8.247262362814672,
        "50": -7.774901847553185,
        "84": -7.274104027537131,
        "maximum": -7.935682771621133,
        "median": -7.774901847553185
    },
    "J1909-3744_PDFB1_20CM_efac": {
        "16": 0.9845183772217421,
        "50": 1.0167039838321745,
        "84": 1.0486980187655441,
        "maximum": 1.0154962243413546,
        "median": 1.0167039838321745
    },
    "J1909-3744_PDFB1_20CM_log10_ecorr": {
        "16": -7.289775634521036,
        "50": -7.18815748978311,
        "84": -7.093867655862776,
        "maximum": -7.186097222392354,
        "median": -7.18815748978311
    },
    "J1909-3744_PDFB1_20CM_log10_equad": {
        "16": -8.350007065865917,
        "50": -8.068098104056466,
        "84": -7.7524260383303485,
        "maximum": -8.227915997730724,
        "median": -8.068098104056466
    },
    "J1909-3744_PDFB1_early_10CM_efac": {
        "16": 0.983401929429981,
        "50": 1.0829354258288364,
        "84": 1.1846498722172591,
        "maximum": 1.092335664178596,
        "median": 1.0829354258288364
    },
    "J1909-3744_PDFB1_early_10CM_log10_ecorr": {
        "16": -7.678833017085575,
        "50": -6.915830670876234,
        "84": -6.648321278188815,
        "maximum": -6.806224697378755,
        "median": -6.915830670876234
    },
    "J1909-3744_PDFB1_early_10CM_log10_equad": {
        "16": -8.116046550632019,
        "50": -7.348359090114867,
        "84": -6.671883678682342,
        "maximum": -6.701461105863109,
        "median": -7.348359090114867
    },
    "J1909-3744_PDFB1_early_20CM_efac": {
        "16": 0.9026943354956856,
        "50": 0.9513484280438582,
        "84": 1.0087898019624382,
        "maximum": 0.9554690647776009,
        "median": 0.9513484280438582
    },
    "J1909-3744_PDFB1_early_20CM_log10_ecorr": {
        "16": -6.832357343867606,
        "50": -6.7451631474711125,
        "84": -6.658197284663457,
        "maximum": -6.739977656671543,
        "median": -6.7451631474711125
    },
    "J1909-3744_PDFB1_early_20CM_log10_equad": {
        "16": -8.270035058627679,
        "50": -7.857123320442552,
        "84": -7.542566055695168,
        "maximum": -7.805248913045805,
        "median": -7.857123320442552
    },
    "J1909-3744_PDFB_10CM_efac": {
        "16": 1.0083746077657088,
        "50": 1.0205552486887028,
        "84": 1.0318633385393032,
        "maximum": 1.022868719570317,
        "median": 1.0205552486887028
    },
    "J1909-3744_PDFB_10CM_log10_ecorr": {
        "16": -7.433252697336487,
        "50": -7.381193120917331,
        "84": -7.330328900370047,
        "maximum": -7.384232626123879,
        "median": -7.381193120917331
    },
    "J1909-3744_PDFB_10CM_log10_equad": {
        "16": -8.333111372234578,
        "50": -8.013458283368363,
        "84": -7.6973041529630155,
        "maximum": -8.007785184524433,
        "median": -8.013458283368363
    },
    "J1909-3744_PDFB_20CM_efac": {
        "16": 1.0154764153643565,
        "50": 1.0277637061675124,
        "84": 1.0406456568872922,
        "maximum": 1.0270566973729274,
        "median": 1.0277637061675124
    },
    "J1909-3744_PDFB_20CM_log10_ecorr": {
        "16": -7.271255009607111,
        "50": -7.228758944687919,
        "84": -7.192669984054383,
        "maximum": -7.228167108234185,
        "median": -7.228758944687919
    },
    "J1909-3744_PDFB_20CM_log10_equad": {
        "16": -8.424568306117052,
        "50": -8.261681496584032,
        "84": -8.055922399238362,
        "maximum": -8.414214507194075,
        "median": -8.261681496584032
    },
    "J1909-3744_PDFB_40CM_efac": {
        "16": 0.981179749988516,
        "50": 1.0034648478588677,
        "84": 1.0276170845109778,
        "maximum": 1.0044700528842363,
        "median": 1.0034648478588677
    },
    "J1909-3744_PDFB_40CM_log10_ecorr": {
        "16": -6.711934169430959,
        "50": -6.652702005551438,
        "84": -6.594889868844126,
        "maximum": -6.675591902817889,
        "median": -6.652702005551438
    },
    "J1909-3744_PDFB_40CM_log10_equad": {
        "16": -8.31004770835914,
        "50": -7.887535767577817,
        "84": -7.445887677474903,
        "maximum": -8.347395974962165,
        "median": -7.887535767577817
    },
    "J1909-3744_WBCORR_10CM_efac": {
        "16": 1.0577074096622625,
        "50": 1.1057900283572124,
        "84": 1.1570510233690097,
        "maximum": 1.0826182990610085,
        "median": 1.1057900283572124
    },
    "J1909-3744_WBCORR_10CM_log10_ecorr": {
        "16": -6.521377377083821,
        "50": -6.443260677406201,
        "84": -6.3739025634095885,
        "maximum": -6.427126258836039,
        "median": -6.443260677406201
    },