{
    "J1939+2134_CASPSR_40CM_efac": {
        "16": 1.3164251119082782,
        "50": 1.6335886224018408,
        "84": 1.9009595367608643,
        "maximum": 1.7570450400356084,
        "median": 1.6335886224018408
    },
    "J1939+2134_CASPSR_40CM_log10_ecorr": {
        "16": -6.424438619497026,
        "50": -6.350578106239288,
        "84": -6.274437742533061,
        "maximum": -6.386684586261737,
        "median": -6.350578106239288
    },
    "J1939+2134_CASPSR_40CM_log10_equad": {
        "16": -7.648133136259448,
        "50": -7.049249954899454,
        "84": -6.900636998254875,
        "maximum": -6.935827024408753,
        "median": -7.049249954899454
    },
    "J1939+2134_CPSR2_20CM_efac": {
        "16": 0.9643992626660284,
        "50": 1.0123724006232615,
        "84": 1.0575623154854557,
        "maximum": 1.0083121406208355,
        "median": 1.0123724006232615
    },
    "J1939+2134_CPSR2_20CM_log10_ecorr": {
        "16": -7.317780905188997,
        "50": -7.198488935332044,
        "84": -7.10792977657195,
        "maximum": -7.203085505098309,
        "median": -7.198488935332044
    },
    "J1939+2134_CPSR2_20CM_log10_equad": {
        "16": -7.031201498816137,
        "50": -6.987455365232085,
        "84": -6.946755855058555,
        "maximum": -6.971802964240494,
        "median": -6.987455365232085
    },
    "J1939+2134_CPSR2_50CM_efac": {
        "16": 1.542010157378589,
        "50": 1.6963739914026046,
        "84": 1.8887566577751391,
        "maximum": 1.6611169713621123,
        "median": 1.6963739914026046
    },
    "J1939+2134_CPSR2_50CM_log10_ecorr": {
        "16": -6.418092069110175,
        "50": -6.354304746954854,
        "84": -6.290593025838232,
        "maximum": -6.348006473821955,
        "median": -6.354304746954854
    },
    "J1939+2134_CPSR2_50CM_log10_equad": {
        "16": -6.900518211437001,
        "50": -6.819202626751216,
        "84": -6.764093109577987,
        "maximum": -6.8253576087415375,
        "median": -6.819202626751216
    },
    "J1939+2134_PDFB1_10CM_efac": {
        "16": 0.9413964260050701,
        "50": 1.192423095290927,
        "84": 1.3398019971933133,
        "maximum": 1.2142596025830805,
        "median": 1.192423095290927
    },
    "J1939+2134_PDFB1_10CM_log10_ecorr": {
        "16": -8.219609033403298,
        "50": -7.613864441445947,
        "84": -6.96944736699311,
        "maximum": -8.31240054266575,
        "median": -7.613864441445947
    },
    "J1939+2134_PDFB1_10CM_log10_equad": {
        "16": -7.9249309563151575,
        "50": -6.82385159942616,
        "84": -6.234908562059931,
        "maximum": -6.255035282136656,
        "median": -6.82385159942616
    },
    "J1939+2134_PDFB1_20CM_efac": {
        "16": 0.5208600442087793,
        "50": 0.6099050737111721,
        "84": 0.6986569540427965,
        "maximum": 0.6135566893775075,
        "median": 0.6099050737111721
    },
    "J1939+2134_PDFB1_20CM_log10_ecorr": {
        "16": -8.248506501610501,
        "50": -7.70743003034396,
        "84": -7.165001688119517,
        "maximum": -7.432570820196038,
        "median": -7.70743003034396
    },
    "J1939+2134_PDFB1_20CM_log10_equad": {
        "16": -6.718605802419215,
        "50": -6.620806650984572,
        "84": -6.5426956594791985,
        "maximum": -6.633240956621062,
        "median": -6.620806650984572
    },
    "J1939+2134_PDFB1_early_10CM_efac": {
        "16": 1.067612185303216,
        "50": 1.2543615800570682,
        "84": 1.490840889667716,
        "maximum": 1.195414826724267,
        "median": 1.2543615800570682
    },
    "J1939+2134_PDFB1_early_10CM_log10_ecorr": {
        "16": -8.121199601454666,
        "50": -7.380940287131444,
        "84": -6.58016821497712,
        "maximum": -7.677379617999142,
        "median": -7.380940287131444
    },
    "J1939+2134_PDFB1_early_10CM_log10_equad": {
        "16": -8.16406610356544,
        "50": -7.444332224797163,
        "84": -6.784494527298324,
        "maximum": -7.33142388747736,
        "median": -7.444332224797163
    },
    "J1939+2134_PDFB1_early_20CM_efac": {
        "16": 0.4544865602001199,
        "50": 0.7492061390960428,
        "84": 0.9310909863013707,
        "maximum": 0.778512605021826,
        "median": 0.7492061390960428
    },
    "J1939+2134_PDFB1_early_20CM_log10_ecorr": {
        "16": -6.511306748776043,
        "50": -6.279787498499756,
        "84": -6.037957661242684,
        "maximum": -6.2863502877438435,
        "median": -6.279787498499756
    },
    "J1939+2134_PDFB1_early_20CM_log10_equad": {
        "16": -8.04377275820743,
        "50": -7.096463015692716,
        "84": -6.421378061110127,
        "maximum": -6.445506466226986,
        "median": -7.096463015692716
    },
    "J1939+2134_PDFB_10CM_efac": {
        "16": 0.9750063332307682,
        "50": 0.9998554595466338,
        "84": 1.0235321765290546,
        "maximum": 0.9921557619540697,
        "median": 0.9998554595466338
    },
    "J1939+2134_PDFB_10CM_log10_ecorr": {
        "16": -8.24544713619415,
        "50": -7.783823709967287,
        "84": -7.363172445760488,
        "maximum": -7.4679359749519305,
        "median": -7.783823709967287
    },
    "J1939+2134_PDFB_10CM_log10_equad": {
        "16": -8.125694710740701,
        "50": -7.4843063634347216,
        "84": -7.090979069504627,
        "maximum": -7.158861598226698,
        "median": -7.4843063634347216
    },
    "J1939+2134_PDFB_20CM_efac": {
        "16": 0.7658632364330369,
        "50": 0.7964668785510479,
        "84": 0.82845735389494,
        "maximum": 0.7917464163096255,
        "median": 0.7964668785510479
    },
    "J1939+2134_PDFB_20CM_log10_ecorr": {
        "16": -7.145423250057185,
        "50": -7.086807066894362,
        "84": -7.029334432995116,
        "maximum": -7.078775272112419,
        "median": -7.086807066894362
    },
    "J1939+2134_PDFB_20CM_log10_equad": {
        "16": -7.134595369094152,
        "50": -7.082689101583593,
        "84": -7.037680674809113,
        "maximum": -7.097212738773817,
        "median": -7.082689101583593
    },
    "J1939+2134_PDFB_40CM_efac": {
        "16": 1.0255170953071173,
        "50": 1.0873284881028096,
        "84": 1.1450515082369335,
        "maximum": 1.075720699945737,
        "median": 1.0873284881028096
    },
    "J1939+2134_PDFB_40CM_log10_ecorr": {
        "16": -6.465639273410287,
        "50": -6.376533692439196,
        "84": -6.292975289394835,
        "maximum": -6.389205384257201,
        "median": -6.376533692439196
    },
    "J1939+2134_PDFB_40CM_log10_equad": {
        "16": -6.510412576046024,
        "50": -6.432481092239711,
        "84": -6.370576255189439,
        "maximum": -6.458462320447305,
        "median": -6.432481092239711
    },
    "J1939+2134_WBCORR_10CM_efac": {
        "16": 0.990005527150388,
        "50": 1.2248488712953085,
        "84": 1.4118640791576926,
        "maximum": 1.2270259869484967,
        "median": 1.2248488712953085
    },
    "J1939+2134_WBCORR_10CM_log10_ecorr": {
        "16": -8.034053528267378,
        "50": -7.148731554075338,
        "84": -6.242885249896136,
        "maximum": -6.877876303408917,
        "median": -7.148731554075338
    },
    "J1939+2134_WBCORR_10CM_log10_equad": {
        "16": -7.8290237139718615,
        "50": -6.600682210005504,
        "84": -5.667000366981409,
        "maximum": -5.591902649991805,
        "median": -6.600682210005504
    },
    "J1939+2134_chromatic_gp_gamma": {
        "16": 1.4281444121491769,
        "50": 1.6666330264592684,
        "84": 1.9499382960800369,
        "maximum": 1.5282771357492995,
        "median": 1.6666330264592684
    },
    "J1939+2134_chromatic_gp_log10_A": {
        "16": -14.005669628499074,
        "50": -13.909776222292589,
        "84": -13.843993879431178,
        "maximum": -13.898236051873143,
        "median": -13.909776222292589
    },
    "J1939+2134_dm_gp_gamma": {
        "16": 2.583491974714743,