{
    "J1939+2134_CASPSR_40CM_efac": 1.7804039477729683,
    "J1939+2134_CASPSR_40CM_log10_ecorr": -6.365703879914343,
    "J1939+2134_CASPSR_40CM_log10_equad": -6.935827024408753,
    "J1939+2134_CPSR2_20CM_efac": 1.0010774589732385,
    "J1939+2134_CPSR2_20CM_log10_ecorr": -7.203085505098309,
    "J1939+2134_CPSR2_20CM_log10_equad": -6.9750134021680665,
    "J1939+2134_CPSR2_50CM_efac": 1.6827324002551451,
    "J1939+2134_CPSR2_50CM_log10_ecorr": -6.348006473821955,
    "J1939+2134_CPSR2_50CM_log10_equad": -6.8330515588461,
    "J1939+2134_PDFB1_10CM_efac": 1.2142596025830805,
    "J1939+2134_PDFB1_10CM_log10_ecorr": -7.890338569835163,
    "J1939+2134_PDFB1_10CM_log10_equad": -6.228263772330993,
    "J1939+2134_PDFB1_20CM_efac": 0.6068035067532673,
    "J1939+2134_PDFB1_20CM_log10_ecorr": -7.472091655450589,
    "J1939+2134_PDFB1_20CM_log10_equad": -6.633240956621062,
    "J1939+2134_PDFB1_early_10CM_efac": 1.195414826724267,
    "J1939+2134_PDFB1_early_10CM_log10_ecorr": -7.803994912557159,
    "J1939+2134_PDFB1_early_10CM_log10_equad": -8.499995340289468,
    "J1939+2134_PDFB1_early_20CM_efac": 0.778512605021826,
    "J1939+2134_PDFB1_early_20CM_log10_ecorr": -6.2863502877438435,
    "J1939+2134_PDFB1_early_20CM_log10_equad": -6.443580215251071,
    "J1939+2134_PDFB_10CM_efac": 0.9994802071896892,
    "J1939+2134_PDFB_10CM_log10_ecorr": -7.4679359749519305,
    "J1939+2134_PDFB_10CM_log10_equad": -7.158890737616781,
    "J1939+2134_PDFB_20CM_efac": 0.802799554398951,
    "J1939+2134_PDFB_20CM_log10_ecorr": -7.078775272112419,
    "J1939+2134_PDFB_20CM_log10_equad": -7.097212738773817,
    "J1939+2134_PDFB_40CM_efac": 1.0950639542182523,
    "J1939+2134_PDFB_40CM_log10_ecorr": -6.399938139901514,
    "J1939+2134_PDFB_40CM_log10_equad": -6.458462320447305,
    "J1939+2134_WBCORR_10CM_efac": 1.2270259869484967,
    "J1939+2134_WBCORR_10CM_log10_ecorr": -7.721327470921634,
    "J1939+2134_WBCORR_10CM_log10_equad": -5.527321194191486,
    "J1939+2134_chromatic_gp_gamma": 1.5041342320111002,
    "J1939+2134_chromatic_gp_log10_A": -13.945081793564672,
    "J1939+2134_dm_gp_gamma": 2.7138699926284136,
    "J1939+2134_dm_gp_log10_A": -12.948901154271885,
    "J1939+2134_red_noise_4050cm_4050cm_gamma": 1.4078702126399905,
    "J1939+2134_red_noise_4050cm_4050cm_log10_A": -13.159137682512,
    "J1939+2134_red_noise_gamma": 5.391410848980874,
    "J1939+2134_red_noise_log10_A": -14.365643948743063,
    "nmodel": 0.03999288178114124
}