{
    "J2129-5721_CASPSR_40CM_efac": 0.9968683507138977,
    "J2129-5721_CASPSR_40CM_log10_equad": -7.730459059155225,
    "J2129-5721_CPSR2_20CM_efac": 0.8783746094742233,
    "J2129-5721_CPSR2_20CM_log10_equad": -5.886580596927203,
    "J2129-5721_CPSR2_50CM_efac": 1.0129385428800906,
    "J2129-5721_CPSR2_50CM_log10_equad": -5.9782250712078255,
    "J2129-5721_PDFB1_10CM_efac": 0.609358340392318,
    "J2129-5721_PDFB1_10CM_log10_equad": -5.560016140414815,
    "J2129-5721_PDFB1_1433_efac": 1.028752616678974,
    "J2129-5721_PDFB1_1433_log10_equad": -5.350030991466356,
    "J2129-5721_PDFB1_20CM_efac": 1.119434747109068,
    "J2129-5721_PDFB1_20CM_log10_equad": -6.5685126201560875,
    "J2129-5721_PDFB1_early_20CM_efac": 1.0699527489234815,
    "J2129-5721_PDFB1_early_20CM_log10_equad": -6.662547827476768,
    "J2129-5721_PDFB_10CM_efac": 1.3928361297505516,
    "J2129-5721_PDFB_10CM_log10_equad": -5.980014815382664,
    "J2129-5721_PDFB_20CM_efac": 1.0300159538388138,
    "J2129-5721_PDFB_20CM_log10_equad": -6.5739341984958575,
    "J2129-5721_PDFB_40CM_efac": 1.0234357036357633,
    "J2129-5721_PDFB_40CM_log10_equad": -6.358957366290925,
    "J2129-5721_dm_gp_gamma": 1.5668366308035944,
    "J2129-5721_dm_gp_log10_A": -13.462736634654986,
    "nmodel": 0.16000033955858972
}