{
    "J2129-5721_CASPSR_40CM_efac": {
        "16": 0.9565266895594924,
        "50": 1.0009929329779803,
        "84": 1.0491534041124857,
        "maximum": 0.996231864632802,
        "median": 1.0009929329779803
    },
    "J2129-5721_CASPSR_40CM_log10_equad": {
        "16": -8.182364762823685,
        "50": -7.515597902986045,
        "84": -6.82540212302688,
        "maximum": -7.693577003310115,
        "median": -7.515597902986045
    },
    "J2129-5721_CPSR2_20CM_efac": {
        "16": 0.7974057199878879,
        "50": 0.9294272958866,
        "84": 1.084390573302384,
        "maximum": 0.8783746094742233,
        "median": 0.9294272958866
    },
    "J2129-5721_CPSR2_20CM_log10_equad": {
        "16": -7.983492882582999,
        "50": -6.90033387716274,
        "84": -5.9098772348536235,
        "maximum": -5.894628388900838,
        "median": -6.90033387716274
    },
    "J2129-5721_CPSR2_50CM_efac": {
        "16": 0.8879500056246561,
        "50": 0.9887730816315405,
        "84": 1.0675270921914592,
        "maximum": 1.0127410554286491,
        "median": 0.9887730816315405
    },
    "J2129-5721_CPSR2_50CM_log10_equad": {
        "16": -7.487896687371253,
        "50": -6.120675052460451,
        "84": -5.885214025080751,
        "maximum": -5.9782250712078255,
        "median": -6.120675052460451
    },
    "J2129-5721_PDFB1_10CM_efac": {
        "16": 0.6229199733983738,
        "50": 1.0728306063680568,
        "84": 2.167487612485675,
        "maximum": 0.609358340392318,
        "median": 1.0728306063680568
    },
    "J2129-5721_PDFB1_10CM_log10_equad": {
        "16": -7.941675898682788,
        "50": -6.771130989346921,
        "84": -5.616864654177213,
        "maximum": -5.560016140414815,
        "median": -6.771130989346921
    },
    "J2129-5721_PDFB1_1433_efac": {
        "16": 0.9015171805590032,
        "50": 1.2561659398608431,
        "84": 1.7091160971431587,
        "maximum": 1.179487766302589,
        "median": 1.2561659398608431
    },
    "J2129-5721_PDFB1_1433_log10_equad": {
        "16": -7.899811221245013,
        "50": -6.6543939160097505,
        "84": -5.487348634951158,
        "maximum": -5.350030797795638,
        "median": -6.6543939160097505
    },
    "J2129-5721_PDFB1_20CM_efac": {
        "16": 1.0706160694415552,
        "50": 1.1370396473179685,
        "84": 1.2093810808922676,
        "maximum": 1.119434747109068,
        "median": 1.1370396473179685
    },
    "J2129-5721_PDFB1_20CM_log10_equad": {
        "16": -8.1062822949716,
        "50": -7.28923412447165,
        "84": -6.56126652696802,
        "maximum": -6.5685126201560875,
        "median": -7.28923412447165
    },
    "J2129-5721_PDFB1_early_20CM_efac": {
        "16": 0.990384439338001,
        "50": 1.080126313246177,
        "84": 1.1767361860709573,
        "maximum": 1.069256250446117,
        "median": 1.080126313246177
    },
    "J2129-5721_PDFB1_early_20CM_log10_equad": {
        "16": -7.393823777776907,
        "50": -6.7136138902975055,
        "84": -6.317803055584117,
        "maximum": -6.662547827476768,
        "median": -6.7136138902975055
    },
    "J2129-5721_PDFB_10CM_efac": {
        "16": 1.2390944714735834,
        "50": 1.459153415590712,
        "84": 1.7294621148396225,
        "maximum": 1.3637655400000857,
        "median": 1.459153415590712
    },
    "J2129-5721_PDFB_10CM_log10_equad": {
        "16": -7.967478773172434,
        "50": -6.838964179223747,
        "84": -5.717558204393637,
        "maximum": -6.61002809465361,
        "median": -6.838964179223747
    },
    "J2129-5721_PDFB_20CM_efac": {
        "16": 1.0097115150063944,
        "50": 1.0321905678236623,
        "84": 1.054782677854029,
        "maximum": 1.0300159538388138,
        "median": 1.0321905678236623
    },
    "J2129-5721_PDFB_20CM_log10_equad": {
        "16": -7.76002095354362,
        "50": -6.749045238756356,
        "84": -6.491677747315374,
        "maximum": -6.57393348979562,
        "median": -6.749045238756356
    },
    "J2129-5721_PDFB_40CM_efac": {
        "16": 0.9950338055168723,
        "50": 1.0260246520755127,
        "84": 1.0568063597744097,
        "maximum": 1.0230143735577568,
        "median": 1.0260246520755127
    },
    "J2129-5721_PDFB_40CM_log10_equad": {
        "16": -8.006661680294458,
        "50": -7.001334638668111,
        "84": -6.357699118089322,
        "maximum": -6.35895611319916,
        "median": -7.001334638668111
    },
    "J2129-5721_dm_gp_gamma": {
        "16": 1.3459211725928606,
        "50": 1.7288544255074298,
        "84": 2.215874027599493,
        "maximum": 1.5668366308035944,
        "median": 1.7288544255074298
    },
    "J2129-5721_dm_gp_log10_A": {
        "16": -13.567071922782892,
        "50": -13.466504211120238,
        "84": -13.38648737878562,
        "maximum": -13.466765430631465,
        "median": -13.466504211120238
    },
    "nmodel": {
        "16": -0.3400040403122692,
        "50": -0.00036000957207375957,
        "84": 0.33971454139128043,
        "maximum": 0.16000033955858972,
        "median": -0.00036000957207375957
    }
}