{
    "J2124-3358_CASPSR_40CM_efac": {
        "16": 1.1889950448965632,
        "50": 1.2554063748191688,
        "84": 1.3277496439195655,
        "maximum": 1.2334023440611892,
        "median": 1.2554063748191688
    },
    "J2124-3358_CASPSR_40CM_log10_equad": {
        "16": -8.132803873122874,
        "50": -7.367551387984509,
        "84": -6.59211172833596,
        "maximum": -7.242502402999122,
        "median": -7.367551387984509
    },
    "J2124-3358_CPSR2_20CM_efac": {
        "16": 1.5875310279458488,
        "50": 1.64547188116151,
        "84": 1.6941682242858738,
        "maximum": 1.6448692222007752,
        "median": 1.64547188116151
    },
    "J2124-3358_CPSR2_20CM_log10_equad": {
        "16": -7.647127394729671,
        "50": -5.982693350861572,
        "84": -5.467751653204408,
        "maximum": -5.540772189671214,
        "median": -5.982693350861572
    },
    "J2124-3358_CPSR2_50CM_efac": {
        "16": 1.0470071356934265,
        "50": 1.092550808805874,
        "84": 1.1393868103460605,
        "maximum": 1.0837425539532184,
        "median": 1.092550808805874
    },
    "J2124-3358_CPSR2_50CM_log10_equad": {
        "16": -8.02335799005742,
        "50": -7.0268414434452,
        "84": -6.104257950947157,
        "maximum": -6.095443666549109,
        "median": -7.0268414434452
    },
    "J2124-3358_PDFB1_10CM_efac": {
        "16": 0.8202818271365935,
        "50": 1.0642467604471169,
        "84": 1.4263373706216393,
        "maximum": 0.9375153078290459,
        "median": 1.0642467604471169
    },
    "J2124-3358_PDFB1_10CM_log10_equad": {
        "16": -7.923833416697335,
        "50": -6.713016006315541,
        "84": -5.507347239367736,
        "maximum": -5.070000136049942,
        "median": -6.713016006315541
    },
    "J2124-3358_PDFB1_1433_efac": {
        "16": 0.9528744649708918,
        "50": 1.0398811480572878,
        "84": 1.1373646416363736,
        "maximum": 1.022937578779821,
        "median": 1.0398811480572878
    },
    "J2124-3358_PDFB1_1433_log10_equad": {
        "16": -8.090899838525695,
        "50": -7.243480291896377,
        "84": -6.376454636328637,
        "maximum": -7.808982703503516,
        "median": -7.243480291896377
    },
    "J2124-3358_PDFB1_20CM_efac": {
        "16": 1.4879696813027272,
        "50": 1.5513373835038966,
        "84": 1.6194179564567437,
        "maximum": 1.5369010717405414,
        "median": 1.5513373835038966
    },
    "J2124-3358_PDFB1_20CM_log10_equad": {
        "16": -8.080377548062994,
        "50": -7.1995084096893125,
        "84": -6.294543366496068,
        "maximum": -7.370026703976605,
        "median": -7.1995084096893125
    },
    "J2124-3358_PDFB1_early_10CM_efac": {
        "16": 0.48044386661939453,
        "50": 0.6508578522086678,
        "84": 0.9066208951403905,
        "maximum": 0.5114185770865436,
        "median": 0.6508578522086678
    },
    "J2124-3358_PDFB1_early_10CM_log10_equad": {
        "16": -7.914626620343781,
        "50": -6.723406140067222,
        "84": -5.509740703580242,
        "maximum": -5.210002296258667,
        "median": -6.723406140067222
    },
    "J2124-3358_PDFB1_early_20CM_efac": {
        "16": 0.926859682660758,
        "50": 0.9865199015191771,
        "84": 1.045200723217346,
        "maximum": 0.9867960894198913,
        "median": 0.9865199015191771
    },
    "J2124-3358_PDFB1_early_20CM_log10_equad": {
        "16": -7.990225490806458,
        "50": -6.932651961348195,
        "84": -5.9589846357101,
        "maximum": -5.875673280737417,
        "median": -6.932651961348195
    },
    "J2124-3358_PDFB_10CM_efac": {
        "16": 1.0272719299085047,
        "50": 1.0739975628539542,
        "84": 1.1206182089637677,
        "maximum": 1.0607384132382536,
        "median": 1.0739975628539542
    },
    "J2124-3358_PDFB_10CM_log10_equad": {
        "16": -7.995025905301092,
        "50": -6.927637089915595,
        "84": -5.863797268266632,
        "maximum": -7.250711111883231,
        "median": -6.927637089915595
    },
    "J2124-3358_PDFB_20CM_efac": {
        "16": 1.2740753672189578,
        "50": 1.2937988189152778,
        "84": 1.3140603022914663,
        "maximum": 1.2943782741879752,
        "median": 1.2937988189152778
    },
    "J2124-3358_PDFB_20CM_log10_equad": {
        "16": -8.178703329472972,
        "50": -7.50720082367221,
        "84": -6.812480625986321,
        "maximum": -7.593818801919799,
        "median": -7.50720082367221
    },
    "J2124-3358_PDFB_40CM_efac": {
        "16": 1.1453926854150533,
        "50": 1.1912871260159856,
        "84": 1.2383006520526236,
        "maximum": 1.1833534507842276,
        "median": 1.1912871260159856
    },
    "J2124-3358_PDFB_40CM_log10_equad": {
        "16": -7.011449863096779,
        "50": -6.124690055856368,
        "84": -5.964974862538749,
        "maximum": -6.020647010304627,
        "median": -6.124690055856368
    },
    "J2124-3358_WBCORR_10CM_efac": {
        "16": 0.9418691405315682,
        "50": 1.0994725410861579,
        "84": 1.2840074940994175,
        "maximum": 1.056252805750325,
        "median": 1.0994725410861579
    },
    "J2124-3358_WBCORR_10CM_log10_equad": {
        "16": -7.907628153183921,
        "50": -6.659146470437788,
        "84": -5.423186638728559,
        "maximum": -5.070009727659275,
        "median": -6.659146470437788
    },
    "J2124-3358_dm_gp_gamma": {
        "16": 1.2252563230342386,
        "50": 1.7880612938714726,
        "84": 2.6767841756112305,
        "maximum": 1.4005592957729471,
        "median": 1.7880612938714726
    },
    "J2124-3358_dm_gp_log10_A": {
        "16": -13.820039167454759,
        "50": -13.531430712796283,
        "84": -13.376220763755288,
        "maximum": -13.586272999381112,
        "median": -13.531430712796283
    },
    "J2124-3358_red_noise_20cm_20cm_gamma": {
        "16": 4.138214442646209,
        "50": 6.7254650573974795,
        "84": 8.956544503675406,
        "maximum": 8.40025533733644,
        "median": 6.7254650573974795
    },
    "J2124-3358_red_noise_20cm_20cm_log10_A": {
        "16": -16.937469325214288,
        "50": -15.665585803987895,
        "84": -14.256211122926132,
        "maximum": -16.070107445028682,
        "median": -15.665585803987895
    },
    "nmodel": {
        "16": -0.3400548591118102,
        "50": 2.6776785641967338e-05,
        "84": 0.33954829970993117,
        "maximum": -0.43999840740607826,
        "median": 2.6776785641967338e-05
    }
}