{
    "J2124-3358_CASPSR_40CM_efac": 1.257677135748669,
    "J2124-3358_CASPSR_40CM_log10_equad": -7.242502402999122,
    "J2124-3358_CPSR2_20CM_efac": 1.6448692222007752,
    "J2124-3358_CPSR2_20CM_log10_equad": -5.540772189671214,
    "J2124-3358_CPSR2_50CM_efac": 1.0837425539532184,
    "J2124-3358_CPSR2_50CM_log10_equad": -6.033788414155014,
    "J2124-3358_PDFB1_10CM_efac": 0.9375153078290459,
    "J2124-3358_PDFB1_10CM_log10_equad": -5.07001420094704,
    "J2124-3358_PDFB1_1433_efac": 1.0131606824905592,
    "J2124-3358_PDFB1_1433_log10_equad": -7.808989009294615,
    "J2124-3358_PDFB1_20CM_efac": 1.5369010717405414,
    "J2124-3358_PDFB1_20CM_log10_equad": -7.997787354079982,
    "J2124-3358_PDFB1_early_10CM_efac": 0.5113555427914386,
    "J2124-3358_PDFB1_early_10CM_log10_equad": -5.210002296258667,
    "J2124-3358_PDFB1_early_20CM_efac": 0.9739939247843509,
    "J2124-3358_PDFB1_early_20CM_log10_equad": -5.875673280737417,
    "J2124-3358_PDFB_10CM_efac": 1.0634147153047069,
    "J2124-3358_PDFB_10CM_log10_equad": -6.764880441472622,
    "J2124-3358_PDFB_20CM_efac": 1.2943782741879752,
    "J2124-3358_PDFB_20CM_log10_equad": -7.593818801919799,
    "J2124-3358_PDFB_40CM_efac": 1.1833534507842276,
    "J2124-3358_PDFB_40CM_log10_equad": -6.020647010304627,
    "J2124-3358_WBCORR_10CM_efac": 1.056252805750325,
    "J2124-3358_WBCORR_10CM_log10_equad": -5.070000553775413,
    "J2124-3358_dm_gp_gamma": 1.40070967994284,
    "J2124-3358_dm_gp_log10_A": -13.559013940841393,
    "J2124-3358_red_noise_20cm_20cm_gamma": 9.200012701486443,
    "J2124-3358_red_noise_20cm_20cm_log10_A": -16.77180324558016,
    "nmodel": -0.059998065306391846
}