{
    "J2145-0750_CASPSR_40CM_efac": {
        "16": 1.1660790970002444,
        "50": 1.224872155283767,
        "84": 1.2874389201377314,
        "maximum": 1.2179047843437525,
        "median": 1.224872155283767
    },
    "J2145-0750_CASPSR_40CM_log10_ecorr": {
        "16": -6.209647063017154,
        "50": -6.0525835961140295,
        "84": -5.935760885479339,
        "maximum": -6.042869425765958,
        "median": -6.0525835961140295
    },
    "J2145-0750_CASPSR_40CM_log10_equad": {
        "16": -8.21750532373005,
        "50": -7.61333123431577,
        "84": -6.9633970851326135,
        "maximum": -8.259350363025865,
        "median": -7.61333123431577
    },
    "J2145-0750_CPSR2_20CM_efac": {
        "16": 1.1353978770648494,
        "50": 1.2004272789870358,
        "84": 1.2675639510487495,
        "maximum": 1.1885127065183192,
        "median": 1.2004272789870358
    },
    "J2145-0750_CPSR2_20CM_log10_ecorr": {
        "16": -8.120876181911008,
        "50": -7.357729450747413,
        "84": -6.513245558228069,
        "maximum": -7.706441984726564,
        "median": -7.357729450747413
    },
    "J2145-0750_CPSR2_20CM_log10_equad": {
        "16": -5.496903025543799,
        "50": -5.454611466594252,
        "84": -5.414044277496056,
        "maximum": -5.458881169584481,
        "median": -5.454611466594252
    },
    "J2145-0750_CPSR2_50CM_efac": {
        "16": 1.0545626529496226,
        "50": 1.091127382273433,
        "84": 1.1292174550610394,
        "maximum": 1.0884479169689325,
        "median": 1.091127382273433
    },
    "J2145-0750_CPSR2_50CM_log10_ecorr": {
        "16": -5.7698821802919085,
        "50": -5.712225654539284,
        "84": -5.65473229927716,
        "maximum": -5.724376051611694,
        "median": -5.712225654539284
    },
    "J2145-0750_CPSR2_50CM_log10_equad": {
        "16": -8.157580781877034,
        "50": -7.462730043863632,
        "84": -6.715804687589302,
        "maximum": -7.847661671671033,
        "median": -7.462730043863632
    },
    "J2145-0750_PDFB1_10CM_efac": {
        "16": 0.9817798150288282,
        "50": 1.052937288132555,
        "84": 1.1263712806189146,
        "maximum": 1.0255297127661462,
        "median": 1.052937288132555
    },
    "J2145-0750_PDFB1_10CM_log10_ecorr": {
        "16": -8.059095858131595,
        "50": -7.139070284097793,
        "84": -6.210020743835367,
        "maximum": -7.06334107326494,
        "median": -7.139070284097793
    },
    "J2145-0750_PDFB1_10CM_log10_equad": {
        "16": -7.980196103110621,
        "50": -6.919860884417509,
        "84": -5.893753028026269,
        "maximum": -6.522624386531227,
        "median": -6.919860884417509
    },
    "J2145-0750_PDFB1_1433_efac": {
        "16": 0.9904891991698738,
        "50": 1.083250649618609,
        "84": 1.1896916765192564,
        "maximum": 1.0590580379086727,
        "median": 1.083250649618609
    },
    "J2145-0750_PDFB1_1433_log10_ecorr": {
        "16": -6.212218680561351,
        "50": -6.049262665783048,
        "84": -5.887046016572671,
        "maximum": -6.094756244977047,
        "median": -6.049262665783048
    },
    "J2145-0750_PDFB1_1433_log10_equad": {
        "16": -8.141742093089288,
        "50": -7.380695117861406,
        "84": -6.651665545710466,
        "maximum": -6.787863629505784,
        "median": -7.380695117861406
    },
    "J2145-0750_PDFB1_20CM_efac": {
        "16": 1.0870402492331899,
        "50": 1.1391831591451296,
        "84": 1.1917521659669246,
        "maximum": 1.125773406933884,
        "median": 1.1391831591451296
    },
    "J2145-0750_PDFB1_20CM_log10_ecorr": {
        "16": -8.189127866338005,
        "50": -7.54516795862605,
        "84": -6.872312841491556,
        "maximum": -7.950364062000137,
        "median": -7.54516795862605
    },
    "J2145-0750_PDFB1_20CM_log10_equad": {
        "16": -8.063892860128156,
        "50": -7.136258356093174,
        "84": -6.304586744533234,
        "maximum": -6.206313082286334,
        "median": -7.136258356093174
    },
    "J2145-0750_PDFB1_early_10CM_efac": {
        "16": 0.31118471500968625,
        "50": 0.7093866262950984,
        "84": 1.0324093299639303,
        "maximum": 1.010616073096152,
        "median": 0.7093866262950984
    },
    "J2145-0750_PDFB1_early_10CM_log10_ecorr": {
        "16": -8.062252230027468,
        "50": -7.154912118238156,
        "84": -6.249610098157814,
        "maximum": -6.490315176633386,
        "median": -7.154912118238156
    },
    "J2145-0750_PDFB1_early_10CM_log10_equad": {
        "16": -6.78186836706524,
        "50": -5.280145229416433,
        "84": -5.151928116038013,
        "maximum": -5.2114202786624055,
        "median": -5.280145229416433
    },
    "J2145-0750_PDFB1_early_20CM_efac": {
        "16": 0.9601408521619642,
        "50": 1.0189182212912589,
        "84": 1.0827039422160576,
        "maximum": 1.0093851427907667,
        "median": 1.0189182212912589
    },
    "J2145-0750_PDFB1_early_20CM_log10_ecorr": {
        "16": -8.088634014294076,
        "50": -7.22707585612247,
        "84": -6.452819281990202,
        "maximum": -6.503408445386719,
        "median": -7.22707585612247
    },
    "J2145-0750_PDFB1_early_20CM_log10_equad": {
        "16": -8.148678139619754,
        "50": -7.44158835107076,
        "84": -6.698793490931891,
        "maximum": -7.866717010862401,
        "median": -7.44158835107076
    },
    "J2145-0750_PDFB_10CM_efac": {
        "16": 1.0268521384034837,
        "50": 1.0451847469358428,
        "84": 1.0639563262275458,
        "maximum": 1.0421575658151394,
        "median": 1.0451847469358428
    },
    "J2145-0750_PDFB_10CM_log10_ecorr": {
        "16": -8.10329329460337,
        "50": -7.2556497133093405,
        "84": -6.515783863388897,
        "maximum": -6.502301299957185,
        "median": -7.2556497133093405
    },
    "J2145-0750_PDFB_10CM_log10_equad": {
        "16": -8.168270105766794,
        "50": -7.49052690926186,
        "84": -6.795487193211291,
        "maximum": -8.15179407074788,
        "median": -7.49052690926186
    },
    "J2145-0750_PDFB_20CM_efac": {
        "16": 1.1111519710392717,
        "50": 1.1292731788492485,
        "84": 1.1478763313506197,
        "maximum": 1.128416813112807,
        "median": 1.1292731788492485
    },
    "J2145-0750_PDFB_20CM_log10_ecorr": {
        "16": -6.419079331207768,
        "50": -6.3722408713363325,
        "84": -6.326275360229774,
        "maximum": -6.377798576046499,
        "median": -6.3722408713363325
    },
    "J2145-0750_PDFB_20CM_log10_equad": {
        "16": -8.25624194041431,
        "50": -7.729842701001831,
        "84": -7.2100314932800025,
        "maximum": -7.403185287821033,
        "median": -7.729842701001831
    },
    "J2145-0750_PDFB_40CM_efac": {
        "16": 1.0922125329664005,
        "50": 1.1194227306732822,
        "84": 1.1470579115676385,
        "maximum": 1.12221479779274,
        "median": 1.1194227306732822
    },
    "J2145-0750_PDFB_40CM_log10_ecorr": {
        "16": -7.005897151307641,
        "50": -6.564547227599618,
        "84": -6.4088959466602855,
        "maximum": -6.497134176739388,
        "median": -6.564547227599618
    },
    "J2145-0750_PDFB_40CM_log10_equad": {
        "16": -8.216453891486132,
        "50": -7.597400790872224,
        "84": -6.962544805490587,
        "maximum": -8.413931713373032,
        "median": -7.597400790872224
    },
    "J2145-0750_WBCORR_10CM_efac": {
        "16": 1.1827427039477993,
        "50": 1.2444441331084388,
        "84": 1.310656438610268,
        "maximum": 1.2374559967138743,
        "median": 1.2444441331084388
    },
    "J2145-0750_WBCORR_10CM_log10_ecorr": {
        "16": -8.085299712935699,
        "50": -7.208267309796325,
        "84": -6.320453622360518,
        "maximum": -6.508542294279506,
        "median": -7.208267309796325
    },
    "J2145-0750_WBCORR_10CM_log10_equad": {
        "16": -8.085416494989463,