{
    "J2145-0750_CASPSR_40CM_efac": 1.215800862323449,
    "J2145-0750_CASPSR_40CM_log10_ecorr": -6.070455421877478,
    "J2145-0750_CASPSR_40CM_log10_equad": -8.211217534223298,
    "J2145-0750_CPSR2_20CM_efac": 1.1955073685030202,
    "J2145-0750_CPSR2_20CM_log10_ecorr": -7.819839265548348,
    "J2145-0750_CPSR2_20CM_log10_equad": -5.451724764347559,
    "J2145-0750_CPSR2_50CM_efac": 1.0824811770998486,
    "J2145-0750_CPSR2_50CM_log10_ecorr": -5.718778839784033,
    "J2145-0750_CPSR2_50CM_log10_equad": -7.520840959668281,
    "J2145-0750_PDFB1_10CM_efac": 1.0364242432777335,
    "J2145-0750_PDFB1_10CM_log10_ecorr": -6.411176841672525,
    "J2145-0750_PDFB1_10CM_log10_equad": -5.977187463306971,
    "J2145-0750_PDFB1_1433_efac": 1.0511313779876246,
    "J2145-0750_PDFB1_1433_log10_ecorr": -6.094756244977047,
    "J2145-0750_PDFB1_1433_log10_equad": -7.441668898107628,
    "J2145-0750_PDFB1_20CM_efac": 1.122492916263209,
    "J2145-0750_PDFB1_20CM_log10_ecorr": -7.471658365865739,
    "J2145-0750_PDFB1_20CM_log10_equad": -6.315532251046745,
    "J2145-0750_PDFB1_early_10CM_efac": 1.0047967360979955,
    "J2145-0750_PDFB1_early_10CM_log10_ecorr": -7.638274780409059,
    "J2145-0750_PDFB1_early_10CM_log10_equad": -5.21288299996068,
    "J2145-0750_PDFB1_early_20CM_efac": 1.0089944103713822,
    "J2145-0750_PDFB1_early_20CM_log10_ecorr": -6.503408445386719,
    "J2145-0750_PDFB1_early_20CM_log10_equad": -7.8130732939939165,
    "J2145-0750_PDFB_10CM_efac": 1.0403488091735147,
    "J2145-0750_PDFB_10CM_log10_ecorr": -6.499142058762209,
    "J2145-0750_PDFB_10CM_log10_equad": -7.51015796034371,
    "J2145-0750_PDFB_20CM_efac": 1.1309847644018165,
    "J2145-0750_PDFB_20CM_log10_ecorr": -6.369777938462626,
    "J2145-0750_PDFB_20CM_log10_equad": -7.415846446584807,
    "J2145-0750_PDFB_40CM_efac": 1.113751873540248,
    "J2145-0750_PDFB_40CM_log10_ecorr": -6.496198012466143,
    "J2145-0750_PDFB_40CM_log10_equad": -8.148660387001508,
    "J2145-0750_WBCORR_10CM_efac": 1.241975192772593,
    "J2145-0750_WBCORR_10CM_log10_ecorr": -8.373994402984312,
    "J2145-0750_WBCORR_10CM_log10_equad": -8.112674094060633,
    "J2145-0750_dm_gp_gamma": 1.2001890638189476,
    "J2145-0750_dm_gp_log10_A": -13.647536233662212,
    "J2145-0750_dmexp_0_log10_Amp": -5.419176810390336,
    "J2145-0750_dmexp_0_log10_tau": 1.9700318306962858,
    "J2145-0750_dmexp_0_t0": 56324.226697220256,
    "J2145-0750_red_noise_custom_1_CPSR2_50CM_gamma": 9.200082387616597,
    "J2145-0750_red_noise_custom_1_CPSR2_50CM_log10_A": -14.725064551488048,
    "nmodel": -0.2799944390711373
}