{
    "J2241-5236_CASPSR_40CM_efac": {
        "16": 1.0970390601718452,
        "50": 1.1621046728671527,
        "84": 1.2307454259739117,
        "maximum": 1.1552661316276323,
        "median": 1.1621046728671527
    },
    "J2241-5236_CASPSR_40CM_log10_ecorr": {
        "16": -6.489790584981186,
        "50": -6.429324251110406,
        "84": -6.369377749418529,
        "maximum": -6.4459759606898395,
        "median": -6.429324251110406
    },
    "J2241-5236_CASPSR_40CM_log10_equad": {
        "16": -6.828730540983705,
        "50": -6.758481330920766,
        "84": -6.694453680477042,
        "maximum": -6.75913835100839,
        "median": -6.758481330920766
    },
    "J2241-5236_PDFB_10CM_efac": {
        "16": 1.0040527893028586,
        "50": 1.0516187939439081,
        "84": 1.0805146758103332,
        "maximum": 1.0543570633738542,
        "median": 1.0516187939439081
    },
    "J2241-5236_PDFB_10CM_log10_ecorr": {
        "16": -8.236500578137122,
        "50": -7.6667037158714715,
        "84": -7.072674466952437,
        "maximum": -8.41497817594061,
        "median": -7.6667037158714715
    },
    "J2241-5236_PDFB_10CM_log10_equad": {
        "16": -8.039285674420395,
        "50": -7.071258898693173,
        "84": -6.3704867444307425,
        "maximum": -6.318025055402569,
        "median": -7.071258898693173
    },
    "J2241-5236_PDFB_20CM_efac": {
        "16": 1.0370475596953759,
        "50": 1.0546938758421596,
        "84": 1.072888669474818,
        "maximum": 1.0560226934176047,
        "median": 1.0546938758421596
    },
    "J2241-5236_PDFB_20CM_log10_ecorr": {
        "16": -7.032416415925828,
        "50": -6.9821245931904485,
        "84": -6.936595918091788,
        "maximum": -6.989116836772025,
        "median": -6.9821245931904485
    },
    "J2241-5236_PDFB_20CM_log10_equad": {
        "16": -7.104488271270819,
        "50": -7.039670320992755,
        "84": -6.9856547376353895,
        "maximum": -7.026817535684884,
        "median": -7.039670320992755
    },
    "J2241-5236_PDFB_40CM_efac": {
        "16": 0.9711294005396298,
        "50": 1.0000878489879654,
        "84": 1.0307631133066482,
        "maximum": 0.998869151239743,
        "median": 1.0000878489879654
    },
    "J2241-5236_PDFB_40CM_log10_ecorr": {
        "16": -7.9068756910636555,
        "50": -7.3356790958947435,
        "84": -7.113257867113289,
        "maximum": -7.244738938921959,
        "median": -7.3356790958947435
    },
    "J2241-5236_PDFB_40CM_log10_equad": {
        "16": -8.177048549375892,
        "50": -7.665984486819498,
        "84": -7.393553174311215,
        "maximum": -7.391732252005652,
        "median": -7.665984486819498
    },
    "J2241-5236_dm_gp_gamma": {
        "16": 1.4785574687529386,
        "50": 1.8288574769655646,
        "84": 2.229258881881379,
        "maximum": 1.8039018170566417,
        "median": 1.8288574769655646
    },
    "J2241-5236_dm_gp_log10_A": {
        "16": -13.966054506559859,
        "50": -13.887008606607333,
        "84": -13.811043233926,
        "maximum": -13.902922679940765,
        "median": -13.887008606607333
    },
    "J2241-5236_red_noise_20cm_20cm_gamma": {
        "16": 1.8303814380059689,
        "50": 3.479597868679784,
        "84": 6.263913361731163,
        "maximum": 2.8004545830649565,
        "median": 3.479597868679784
    },
    "J2241-5236_red_noise_20cm_20cm_log10_A": {
        "16": -17.324032198105648,
        "50": -14.80308978377536,
        "84": -14.173130410480193,
        "maximum": -14.50197964511905,
        "median": -14.80308978377536
    },
    "nmodel": {
        "16": -0.3391770551876891,
        "50": 0.002606536620987976,
        "84": 0.34207888014352167,
        "maximum": -0.19998719283344157,
        "median": 0.002606536620987976
    }
}