{
    "J2241-5236_CASPSR_40CM_efac": 1.141416613650645,
    "J2241-5236_CASPSR_40CM_log10_ecorr": -6.425920121602346,
    "J2241-5236_CASPSR_40CM_log10_equad": -6.760429765508002,
    "J2241-5236_PDFB_10CM_efac": 1.0515953881316609,
    "J2241-5236_PDFB_10CM_log10_ecorr": -8.118577666666068,
    "J2241-5236_PDFB_10CM_log10_equad": -6.323899721101437,
    "J2241-5236_PDFB_20CM_efac": 1.05514631322959,
    "J2241-5236_PDFB_20CM_log10_ecorr": -6.990481380441117,
    "J2241-5236_PDFB_20CM_log10_equad": -7.047549426017189,
    "J2241-5236_PDFB_40CM_efac": 1.0001961135689086,
    "J2241-5236_PDFB_40CM_log10_ecorr": -7.227815126698449,
    "J2241-5236_PDFB_40CM_log10_equad": -7.430584292595879,
    "J2241-5236_dm_gp_gamma": 1.824667302270098,
    "J2241-5236_dm_gp_log10_A": -13.894769764349906,
    "J2241-5236_red_noise_20cm_20cm_gamma": 2.400484107341452,
    "J2241-5236_red_noise_20cm_20cm_log10_A": -14.323184504064944,
    "nmodel": -0.37999980034418435
}