{
    "J0437-4715_0_magnexp__idx": -0.14397522773298,
    "J0437-4715_0_magnexp__log10_Amp": -6.35804283456295,
    "J0437-4715_0_magnexp__log10_tau": 1.407817839175208,
    "J0437-4715_0_magnexp__t0": 57060.994959653915,
    "J0437-4715_CASPSR_40CM_efac": 0.9841629978406103,
    "J0437-4715_CASPSR_40CM_log10_ecorr": -6.890938547905164,
    "J0437-4715_CASPSR_40CM_log10_equad": -7.29145645692829,
    "J0437-4715_PDFB_10CM_efac": 0.7583991800612824,
    "J0437-4715_PDFB_10CM_log10_ecorr": -7.333847319988673,
    "J0437-4715_PDFB_10CM_log10_equad": -7.5041761556845055,
    "J0437-4715_PDFB_20CM_efac": 0.9378730247773772,
    "J0437-4715_PDFB_20CM_log10_ecorr": -7.171749706081119,
    "J0437-4715_PDFB_20CM_log10_equad": -7.8594427967758484,
    "J0437-4715_PDFB_40CM_efac": 0.9769180063903465,
    "J0437-4715_PDFB_40CM_log10_ecorr": -6.847998771805482,
    "J0437-4715_PDFB_40CM_log10_equad": -7.046025297185976,
    "J0437-4715_dm_gp_gamma": 2.3246802015167107,
    "J0437-4715_dm_gp_log10_A": -13.386441653144898,
    "J0437-4715_red_noise_20cm_20cm_gamma": 1.497020620768763,
    "J0437-4715_red_noise_20cm_20cm_log10_A": -13.790110508486531,
    "J0437-4715_red_noise_4050cm_4050cm_gamma": 1.4705459423223233,
    "J0437-4715_red_noise_4050cm_4050cm_log10_A": -13.191294230471604,
    "J0437-4715_red_noise_gamma": 1.469978061635511,
    "J0437-4715_red_noise_log10_A": -14.143150613939461,
    "nmodel": -0.060009491867540676
}