{
    "J1600-3053_CASPSR_40CM_efac": 1.137886019439557,
    "J1600-3053_CASPSR_40CM_log10_ecorr": -6.336271790533845,
    "J1600-3053_CASPSR_40CM_log10_equad": -7.86238228939689,
    "J1600-3053_CPSR2_20CM_efac": 1.01034309553455,
    "J1600-3053_CPSR2_20CM_log10_ecorr": -6.470323044037675,
    "J1600-3053_CPSR2_20CM_log10_equad": -8.824125998003959,
    "J1600-3053_CPSR2_50CM_efac": 1.1258054637438155,
    "J1600-3053_CPSR2_50CM_log10_ecorr": -5.863135729710698,
    "J1600-3053_CPSR2_50CM_log10_equad": -6.679806660405768,
    "J1600-3053_PDFB1_10CM_efac": 0.8785440452875869,
    "J1600-3053_PDFB1_10CM_log10_ecorr": -8.228709049108883,
    "J1600-3053_PDFB1_10CM_log10_equad": -9.562352871652644,
    "J1600-3053_PDFB1_1433_efac": 1.0731765244793428,
    "J1600-3053_PDFB1_1433_log10_ecorr": -6.677665929035538,
    "J1600-3053_PDFB1_1433_log10_equad": -6.258578144148594,
    "J1600-3053_PDFB1_20CM_efac": 0.9865772134907144,
    "J1600-3053_PDFB1_20CM_log10_ecorr": -9.999987770012526,
    "J1600-3053_PDFB1_20CM_log10_equad": -8.918631559197518,
    "J1600-3053_PDFB1_early_10CM_efac": 0.9455534005952934,
    "J1600-3053_PDFB1_early_10CM_log10_ecorr": -6.225368268323602,
    "J1600-3053_PDFB1_early_10CM_log10_equad": -9.296751186320893,
    "J1600-3053_PDFB1_early_20CM_efac": 1.0041712212857459,
    "J1600-3053_PDFB1_early_20CM_log10_ecorr": -6.275381304420199,
    "J1600-3053_PDFB1_early_20CM_log10_equad": -6.345652880468155,
    "J1600-3053_PDFB_10CM_efac": 1.0483207030465365,
    "J1600-3053_PDFB_10CM_log10_ecorr": -8.528626360735215,
    "J1600-3053_PDFB_10CM_log10_equad": -7.6723785437113365,
    "J1600-3053_PDFB_20CM_efac": 0.9989293395086218,
    "J1600-3053_PDFB_20CM_log10_ecorr": -6.595893828273708,
    "J1600-3053_PDFB_20CM_log10_equad": -9.865569144786896,
    "J1600-3053_PDFB_40CM_efac": 1.021140691063842,
    "J1600-3053_PDFB_40CM_log10_ecorr": -7.220271848494907,
    "J1600-3053_PDFB_40CM_log10_equad": -6.167971148112595,
    "J1600-3053_WBCORR_10CM_efac": 1.3755871022630999,
    "J1600-3053_WBCORR_10CM_log10_ecorr": -7.711478500158742,
    "J1600-3053_WBCORR_10CM_log10_equad": -8.27001903519085,
    "J1600-3053_band_noise_by_B_4050CM_4050CM_gamma": 1.8632099322212323,
    "J1600-3053_band_noise_by_B_4050CM_4050CM_log10_A": -12.59792995922361,
    "J1600-3053_dm_gp_gamma": 2.105684825849447,
    "J1600-3053_dm_gp_log10_A": -13.200442044514993,
    "J1600-3053_red_noise_gamma": 3.6620563515583417,
    "J1600-3053_red_noise_log10_A": -14.487151725823459,
    "nmodel": 0.3199923824648107
}