{
    "J1603-7202_CASPSR_40CM_efac": 1.1799356376990433,
    "J1603-7202_CASPSR_40CM_log10_ecorr": -7.679048067646523,
    "J1603-7202_CASPSR_40CM_log10_equad": -9.419570143352399,
    "J1603-7202_CPSR2_20CM_efac": 1.026494935570539,
    "J1603-7202_CPSR2_20CM_log10_ecorr": -6.180434076651341,
    "J1603-7202_CPSR2_20CM_log10_equad": -5.934315341851775,
    "J1603-7202_CPSR2_50CM_efac": 1.0151196632430304,
    "J1603-7202_CPSR2_50CM_log10_ecorr": -5.882503084804059,
    "J1603-7202_CPSR2_50CM_log10_equad": -6.836451666940032,
    "J1603-7202_PDFB1_10CM_efac": 1.4180460340448957,
    "J1603-7202_PDFB1_10CM_log10_ecorr": -8.700032514337336,
    "J1603-7202_PDFB1_10CM_log10_equad": -9.399987983282628,
    "J1603-7202_PDFB1_1433_efac": 1.131499371916479,
    "J1603-7202_PDFB1_1433_log10_ecorr": -6.980325464172488,
    "J1603-7202_PDFB1_1433_log10_equad": -7.71789555653824,
    "J1603-7202_PDFB1_20CM_efac": 1.0057211749641848,
    "J1603-7202_PDFB1_20CM_log10_ecorr": -6.068775821693714,
    "J1603-7202_PDFB1_20CM_log10_equad": -9.835980075184201,
    "J1603-7202_PDFB1_early_10CM_efac": 0.9991563013964986,
    "J1603-7202_PDFB1_early_10CM_log10_ecorr": -8.199991944786996,
    "J1603-7202_PDFB1_early_10CM_log10_equad": -8.799988161318323,
    "J1603-7202_PDFB1_early_20CM_efac": 1.000526456580353,
    "J1603-7202_PDFB1_early_20CM_log10_ecorr": -6.626930340455385,
    "J1603-7202_PDFB1_early_20CM_log10_equad": -6.323314161617012,
    "J1603-7202_PDFB_10CM_efac": 0.9955273541963933,
    "J1603-7202_PDFB_10CM_log10_ecorr": -8.781075823191296,
    "J1603-7202_PDFB_10CM_log10_equad": -8.546672356144265,
    "J1603-7202_PDFB_20CM_efac": 1.0430635559058787,
    "J1603-7202_PDFB_20CM_log10_ecorr": -6.137409318639306,
    "J1603-7202_PDFB_20CM_log10_equad": -6.554671088244698,
    "J1603-7202_PDFB_40CM_efac": 1.0201288562928792,
    "J1603-7202_PDFB_40CM_log10_ecorr": -6.4913309188033255,
    "J1603-7202_PDFB_40CM_log10_equad": -7.527641942972901,
    "J1603-7202_WBCORR_10CM_efac": 1.0051863858637475,
    "J1603-7202_WBCORR_10CM_log10_ecorr": -8.799920869449366,
    "J1603-7202_WBCORR_10CM_log10_equad": -7.200505973213675,
    "J1603-7202_dm_bump_log10_Amp": -5.258923408633761,
    "J1603-7202_dm_bump_sigma": 90.39421090622753,
    "J1603-7202_dm_bump_t0": 53909.67777399512,
    "J1603-7202_dm_gp_gamma": 2.1634845192532715,
    "J1603-7202_dm_gp_log10_A": -13.110585567440383,
    "nmodel": 0.3399986741053843
}