{
    "J1643-1224_CASPSR_40CM_efac": 1.1659837179274413,
    "J1643-1224_CASPSR_40CM_log10_equad": -8.904130621332614,
    "J1643-1224_CPSR2_20CM_efac": 1.0600106801563627,
    "J1643-1224_CPSR2_20CM_log10_equad": -6.141611917380346,
    "J1643-1224_CPSR2_50CM_efac": 1.0645252753661798,
    "J1643-1224_CPSR2_50CM_log10_equad": -5.5933879636988735,
    "J1643-1224_PDFB1_10CM_efac": 1.1166298227547096,
    "J1643-1224_PDFB1_10CM_log10_equad": -9.999894518529796,
    "J1643-1224_PDFB1_1433_efac": 1.1162945465372438,
    "J1643-1224_PDFB1_1433_log10_equad": -5.659598167224888,
    "J1643-1224_PDFB1_20CM_efac": 1.0629727717346482,
    "J1643-1224_PDFB1_20CM_log10_equad": -8.64158008982756,
    "J1643-1224_PDFB1_early_10CM_efac": 0.8716292246681158,
    "J1643-1224_PDFB1_early_10CM_log10_equad": -6.061023364824605,
    "J1643-1224_PDFB1_early_20CM_efac": 1.1393783589982742,
    "J1643-1224_PDFB1_early_20CM_log10_equad": -8.96171153389249,
    "J1643-1224_PDFB_10CM_efac": 1.061452297258831,
    "J1643-1224_PDFB_10CM_log10_equad": -7.286287624234335,
    "J1643-1224_PDFB_20CM_efac": 1.0886286957329718,
    "J1643-1224_PDFB_20CM_log10_equad": -6.665461245405385,
    "J1643-1224_PDFB_40CM_efac": 1.0869891965559537,
    "J1643-1224_PDFB_40CM_log10_equad": -5.892430675168814,
    "J1643-1224_WBCORR_10CM_efac": 0.9545901765287423,
    "J1643-1224_WBCORR_10CM_log10_equad": -5.501586789157154,
    "J1643-1224_band_noise_by_B_4050CM_4050CM_gamma": 2.3474316597631413,
    "J1643-1224_band_noise_by_B_4050CM_4050CM_log10_A": -12.067927397983647,
    "J1643-1224_dm_gp_gamma": 2.9243418137563006,
    "J1643-1224_dm_gp_log10_A": -13.167866725663977,
    "J1643-1224_dmexp_idx": -1.0213601498936664,
    "J1643-1224_dmexp_log10_Amp": -4.998591569772214,
    "J1643-1224_dmexp_log10_tau": 1.995873234612333,
    "J1643-1224_dmexp_t0": 57086.88859219446,
    "J1643-1224_red_noise_gamma": 0.950353653520837,
    "J1643-1224_red_noise_log10_A": -12.848908905148036,
    "nmodel": 0.1200007465680899
}