{
    "J1730-2304_CASPSR_40CM_efac": 1.1521450659662498,
    "J1730-2304_CASPSR_40CM_log10_equad": -9.827957380736486,
    "J1730-2304_CPSR2_20CM_efac": 1.2991714311944125,
    "J1730-2304_CPSR2_20CM_log10_equad": -5.42292073310006,
    "J1730-2304_CPSR2_50CM_efac": 1.1200731210256947,
    "J1730-2304_CPSR2_50CM_log10_equad": -5.684142528316115,
    "J1730-2304_PDFB1_10CM_efac": 1.157524890965139,
    "J1730-2304_PDFB1_10CM_log10_equad": -5.500824103302486,
    "J1730-2304_PDFB1_1433_efac": 0.8671890726783783,
    "J1730-2304_PDFB1_1433_log10_equad": -8.643654989708526,
    "J1730-2304_PDFB1_20CM_efac": 1.132815442601446,
    "J1730-2304_PDFB1_20CM_log10_equad": -6.241475864515204,
    "J1730-2304_PDFB1_early_10CM_efac": 1.1724261690155262,
    "J1730-2304_PDFB1_early_10CM_log10_equad": -7.036329641350713,
    "J1730-2304_PDFB1_early_20CM_efac": 1.054249288708805,
    "J1730-2304_PDFB1_early_20CM_log10_equad": -7.756678684948135,
    "J1730-2304_PDFB_10CM_efac": 1.0601545004148873,
    "J1730-2304_PDFB_10CM_log10_equad": -8.64655244732201,
    "J1730-2304_PDFB_20CM_efac": 1.0412470615063933,
    "J1730-2304_PDFB_20CM_log10_equad": -7.810932947972567,
    "J1730-2304_PDFB_40CM_efac": 1.1308852232181295,
    "J1730-2304_PDFB_40CM_log10_equad": -9.913005483842634,
    "J1730-2304_WBCORR_10CM_efac": 1.2823009055320476,
    "J1730-2304_WBCORR_10CM_log10_equad": -7.281773787590128,
    "J1730-2304_dm_gp_gamma": 2.3785092409883477,
    "J1730-2304_dm_gp_log10_A": -13.523927151349836,
    "nmodel": -0.29999999599694693
}