{
    "J1732-5049_PDFB1_10CM_efac": 1.5023523099435325,
    "J1732-5049_PDFB1_10CM_log10_equad": -5.100021783494598,
    "J1732-5049_PDFB1_20CM_efac": 1.1258702987632183,
    "J1732-5049_PDFB1_20CM_log10_equad": -7.272037840296047,
    "J1732-5049_PDFB1_early_10CM_efac": 1.0001955680991537,
    "J1732-5049_PDFB1_early_10CM_log10_equad": -5.200006999397796,
    "J1732-5049_PDFB1_early_20CM_efac": 0.9205025824618597,
    "J1732-5049_PDFB1_early_20CM_log10_equad": -7.873230814691009,
    "J1732-5049_PDFB_10CM_efac": 0.8729573892906493,
    "J1732-5049_PDFB_10CM_log10_equad": -8.862178871925936,
    "J1732-5049_PDFB_20CM_efac": 0.9974599329191115,
    "J1732-5049_PDFB_20CM_log10_equad": -7.764887457471714,
    "J1732-5049_PDFB_40CM_efac": 0.9007909716114756,
    "J1732-5049_PDFB_40CM_log10_equad": -5.300914577091714,
    "J1732-5049_WBCORR_10CM_efac": 1.067594681380199,
    "J1732-5049_WBCORR_10CM_log10_equad": -5.100025793755534,
    "J1732-5049_dm_gp_gamma": 0.8000187316276431,
    "J1732-5049_dm_gp_log10_A": -12.655793365482822,
    "nmodel": 0.3399999349196754
}