{
    "J1744-1134_CASPSR_40CM_efac": 1.2132581933533921,
    "J1744-1134_CASPSR_40CM_log10_ecorr": -6.677596297969979,
    "J1744-1134_CASPSR_40CM_log10_equad": -8.969192050250093,
    "J1744-1134_CPSR2_20CM_efac": 1.3733941388973572,
    "J1744-1134_CPSR2_20CM_log10_ecorr": -8.941205150773328,
    "J1744-1134_CPSR2_20CM_log10_equad": -5.8845445823819125,
    "J1744-1134_CPSR2_50CM_efac": 1.061487746365202,
    "J1744-1134_CPSR2_50CM_log10_ecorr": -5.96060327977985,
    "J1744-1134_CPSR2_50CM_log10_equad": -6.959671058423284,
    "J1744-1134_PDFB1_10CM_efac": 1.0536498990691525,
    "J1744-1134_PDFB1_10CM_log10_ecorr": -6.380394514900978,
    "J1744-1134_PDFB1_10CM_log10_equad": -8.933343134543293,
    "J1744-1134_PDFB1_1433_efac": 0.9320988474605661,
    "J1744-1134_PDFB1_1433_log10_ecorr": -8.430208826541172,
    "J1744-1134_PDFB1_1433_log10_equad": -6.731470544925258,
    "J1744-1134_PDFB1_20CM_efac": 1.2523165294433882,
    "J1744-1134_PDFB1_20CM_log10_ecorr": -7.003096691821482,
    "J1744-1134_PDFB1_20CM_log10_equad": -9.797353658087907,
    "J1744-1134_PDFB1_early_10CM_efac": 1.0855995913375673,
    "J1744-1134_PDFB1_early_10CM_log10_ecorr": -8.216489535867623,
    "J1744-1134_PDFB1_early_10CM_log10_equad": -7.661947429902402,
    "J1744-1134_PDFB1_early_20CM_efac": 1.0662235804118783,
    "J1744-1134_PDFB1_early_20CM_log10_ecorr": -6.312393221162909,
    "J1744-1134_PDFB1_early_20CM_log10_equad": -8.114621141426992,
    "J1744-1134_PDFB_10CM_efac": 1.0116136004718583,
    "J1744-1134_PDFB_10CM_log10_ecorr": -7.218486682448378,
    "J1744-1134_PDFB_10CM_log10_equad": -8.99795576643233,
    "J1744-1134_PDFB_20CM_efac": 1.0508326770046912,
    "J1744-1134_PDFB_20CM_log10_ecorr": -6.711646321324014,
    "J1744-1134_PDFB_20CM_log10_equad": -7.27699595232462,
    "J1744-1134_PDFB_40CM_efac": 1.0859214916526017,
    "J1744-1134_PDFB_40CM_log10_ecorr": -6.574824742070149,
    "J1744-1134_PDFB_40CM_log10_equad": -8.416373415587543,
    "J1744-1134_WBCORR_10CM_efac": 1.1846968151656507,
    "J1744-1134_WBCORR_10CM_log10_ecorr": -6.45633878637525,
    "J1744-1134_WBCORR_10CM_log10_equad": -8.810892277242774,
    "J1744-1134_band_noise_by_B_1020CM_1020CM_gamma": 0.9791408166877503,
    "J1744-1134_band_noise_by_B_1020CM_1020CM_log10_A": -13.47610841727014,
    "J1744-1134_dm_gp_gamma": 1.709226870368062,
    "J1744-1134_dm_gp_log10_A": -13.625077727405584,
    "nmodel": 0.17999444407007803
}