{
    "J1824-2452A_CASPSR_40CM_efac": 1.253487332960141,
    "J1824-2452A_CASPSR_40CM_log10_ecorr": -5.770290942200996,
    "J1824-2452A_CASPSR_40CM_log10_equad": -6.648228637335933,
    "J1824-2452A_CPSR2_20CM_efac": 1.0088969601194462,
    "J1824-2452A_CPSR2_20CM_log10_ecorr": -6.798464216090859,
    "J1824-2452A_CPSR2_20CM_log10_equad": -8.935523857926775,
    "J1824-2452A_CPSR2_50CM_efac": 1.1084567301929409,
    "J1824-2452A_CPSR2_50CM_log10_ecorr": -6.011255778066482,
    "J1824-2452A_CPSR2_50CM_log10_equad": -8.396920773925025,
    "J1824-2452A_PDFB1_10CM_efac": 0.9062490454308838,
    "J1824-2452A_PDFB1_10CM_log10_ecorr": -9.305061612506663,
    "J1824-2452A_PDFB1_10CM_log10_equad": -5.863721785945343,
    "J1824-2452A_PDFB1_1433_efac": 0.7194080406823053,
    "J1824-2452A_PDFB1_1433_log10_ecorr": -8.210371278895337,
    "J1824-2452A_PDFB1_1433_log10_equad": -6.152051649040523,
    "J1824-2452A_PDFB1_20CM_efac": 1.0305926927599582,
    "J1824-2452A_PDFB1_20CM_log10_ecorr": -9.057141991390504,
    "J1824-2452A_PDFB1_20CM_log10_equad": -6.000989512287463,
    "J1824-2452A_PDFB1_early_10CM_efac": 0.9571774308264399,
    "J1824-2452A_PDFB1_early_10CM_log10_ecorr": -9.799954090451735,
    "J1824-2452A_PDFB1_early_10CM_log10_equad": -5.909801517312489,
    "J1824-2452A_PDFB1_early_20CM_efac": 1.0532226747861624,
    "J1824-2452A_PDFB1_early_20CM_log10_ecorr": -9.999899493121042,
    "J1824-2452A_PDFB1_early_20CM_log10_equad": -5.834856489561394,
    "J1824-2452A_PDFB_10CM_efac": 0.9352995269575722,
    "J1824-2452A_PDFB_10CM_log10_ecorr": -6.138875856432231,
    "J1824-2452A_PDFB_10CM_log10_equad": -6.167072018735933,
    "J1824-2452A_PDFB_20CM_efac": 1.026197032009814,
    "J1824-2452A_PDFB_20CM_log10_ecorr": -6.026643980391816,
    "J1824-2452A_PDFB_20CM_log10_equad": -9.184934739936034,
    "J1824-2452A_PDFB_40CM_efac": 1.0423964011365288,
    "J1824-2452A_PDFB_40CM_log10_ecorr": -5.799852296080103,
    "J1824-2452A_PDFB_40CM_log10_equad": -7.229330470067121,
    "J1824-2452A_WBCORR_10CM_efac": 2.3998012762822145,
    "J1824-2452A_WBCORR_10CM_log10_ecorr": -7.7000276682096604,
    "J1824-2452A_WBCORR_10CM_log10_equad": -5.20000299804097,
    "J1824-2452A_band_noise_by_B_4050CM_4050CM_gamma": 0.9571280470049619,
    "J1824-2452A_band_noise_by_B_4050CM_4050CM_log10_A": -12.125618181732307,
    "J1824-2452A_dm_gp_gamma": 2.624949858810985,
    "J1824-2452A_dm_gp_log10_A": -12.464329093343604,
    "J1824-2452A_red_noise_gamma": 4.946027591950802,
    "J1824-2452A_red_noise_log10_A": -13.266007266429517,
    "nmodel": 0.2400000620032714
}