{
    "J1832-0836_CASPSR_40CM_efac": 0.9954472385815072,
    "J1832-0836_CASPSR_40CM_log10_equad": -6.601936921332117,
    "J1832-0836_PDFB_10CM_efac": 1.0527282285566408,
    "J1832-0836_PDFB_10CM_log10_equad": -6.318160021910657,
    "J1832-0836_PDFB_20CM_efac": 0.9341959058480916,
    "J1832-0836_PDFB_20CM_log10_equad": -6.4919837293464,
    "J1832-0836_PDFB_40CM_efac": 1.4959884191488086,
    "J1832-0836_PDFB_40CM_log10_equad": -5.520336770493191,
    "J1832-0836_dm_gp_gamma": 2.92560051864558,
    "J1832-0836_dm_gp_log10_A": -12.955451635599726,
    "nmodel": 0.05999983045409785
}