{
    "J1857+0943_CASPSR_40CM_efac": 1.100241410125931,
    "J1857+0943_CASPSR_40CM_log10_equad": -8.902935323558982,
    "J1857+0943_CPSR2_20CM_efac": 1.1033121713509904,
    "J1857+0943_CPSR2_20CM_log10_equad": -5.901459658450368,
    "J1857+0943_CPSR2_50CM_efac": 1.0184171942549964,
    "J1857+0943_CPSR2_50CM_log10_equad": -7.490809146735191,
    "J1857+0943_PDFB1_10CM_efac": 1.1247827576671514,
    "J1857+0943_PDFB1_10CM_log10_equad": -7.381946185323964,
    "J1857+0943_PDFB1_1433_efac": 1.0480304066506636,
    "J1857+0943_PDFB1_1433_log10_equad": -6.43270684874682,
    "J1857+0943_PDFB1_20CM_efac": 1.242223128940029,
    "J1857+0943_PDFB1_20CM_log10_equad": -6.40654008863611,
    "J1857+0943_PDFB1_early_10CM_efac": 1.409793550118915,
    "J1857+0943_PDFB1_early_10CM_log10_equad": -5.6007140661326416,
    "J1857+0943_PDFB1_early_20CM_efac": 1.0574495271176232,
    "J1857+0943_PDFB1_early_20CM_log10_equad": -6.234685317593981,
    "J1857+0943_PDFB_10CM_efac": 1.110224773129408,
    "J1857+0943_PDFB_10CM_log10_equad": -6.338569895155699,
    "J1857+0943_PDFB_20CM_efac": 1.0972444867159026,
    "J1857+0943_PDFB_20CM_log10_equad": -8.471961265630517,
    "J1857+0943_PDFB_40CM_efac": 1.084528284643322,
    "J1857+0943_PDFB_40CM_log10_equad": -8.242722035948239,
    "J1857+0943_WBCORR_10CM_efac": 0.9012867168548548,
    "J1857+0943_WBCORR_10CM_log10_equad": -9.337986314406697,
    "J1857+0943_dm_gp_gamma": 2.393270978753238,
    "J1857+0943_dm_gp_log10_A": -13.393200802883502,
    "J1857+0943_red_noise_gamma": 9.275878742584158,
    "J1857+0943_red_noise_log10_A": -16.755106908956385,
    "nmodel": 0.37999991352575835
}