{
    "J0613-0200_CASPSR_40CM_efac": 1.100089612188824,
    "J0613-0200_CASPSR_40CM_log10_ecorr": -6.629521279400776,
    "J0613-0200_CASPSR_40CM_log10_equad": -6.752288507938486,
    "J0613-0200_CPSR2_20CM_efac": 1.050901310467598,
    "J0613-0200_CPSR2_20CM_log10_ecorr": -7.052886869556705,
    "J0613-0200_CPSR2_20CM_log10_equad": -7.374589050036658,
    "J0613-0200_CPSR2_50CM_efac": 1.0448201189374888,
    "J0613-0200_CPSR2_50CM_log10_ecorr": -6.459544956940413,
    "J0613-0200_CPSR2_50CM_log10_equad": -8.44604170542202,
    "J0613-0200_PDFB1_10CM_efac": 1.0391919857364653,
    "J0613-0200_PDFB1_10CM_log10_ecorr": -9.699843574665023,
    "J0613-0200_PDFB1_10CM_log10_equad": -5.774306204155016,
    "J0613-0200_PDFB1_1433_efac": 0.8021742484636253,
    "J0613-0200_PDFB1_1433_log10_ecorr": -6.194976494109362,
    "J0613-0200_PDFB1_1433_log10_equad": -5.976195451120459,
    "J0613-0200_PDFB1_20CM_efac": 0.8964881424394333,
    "J0613-0200_PDFB1_20CM_log10_ecorr": -8.253236958715993,
    "J0613-0200_PDFB1_20CM_log10_equad": -9.00507981915629,
    "J0613-0200_PDFB1_early_10CM_efac": 0.7593983973895757,
    "J0613-0200_PDFB1_early_10CM_log10_ecorr": -6.802415890249058,
    "J0613-0200_PDFB1_early_10CM_log10_equad": -6.548331900546091,
    "J0613-0200_PDFB1_early_20CM_efac": 1.0693543845644593,
    "J0613-0200_PDFB1_early_20CM_log10_ecorr": -6.746962318012823,
    "J0613-0200_PDFB1_early_20CM_log10_equad": -6.123924948123151,
    "J0613-0200_PDFB_10CM_efac": 1.0584752029496558,
    "J0613-0200_PDFB_10CM_log10_ecorr": -5.996722758964855,
    "J0613-0200_PDFB_10CM_log10_equad": -9.13006239250176,
    "J0613-0200_PDFB_20CM_efac": 1.0426536087580018,
    "J0613-0200_PDFB_20CM_log10_ecorr": -6.5221229382348955,
    "J0613-0200_PDFB_20CM_log10_equad": -8.453222748166088,
    "J0613-0200_PDFB_40CM_efac": 1.0477911808426477,
    "J0613-0200_PDFB_40CM_log10_ecorr": -6.478482310565452,
    "J0613-0200_PDFB_40CM_log10_equad": -6.191294725949097,
    "J0613-0200_WBCORR_10CM_efac": 1.5656836112341557,
    "J0613-0200_WBCORR_10CM_log10_ecorr": -9.104889040532996,
    "J0613-0200_WBCORR_10CM_log10_equad": -5.5032795026380255,
    "J0613-0200_chromatic_gp_gamma": 1.955131645014276,
    "J0613-0200_chromatic_gp_log10_A": -14.011992932003198,
    "J0613-0200_dm_s1yr_log10_Amp": -6.64695042895063,
    "J0613-0200_dm_s1yr_phase": 2.1138324055803186,
    "J0613-0200_red_noise_gamma": 3.9466796643999142,
    "J0613-0200_red_noise_log10_A": -14.229424721535795,
    "nmodel": 0.15999349410529673
}