{
    "J1909-3744_CASPSR_40CM_efac": 1.0885017454147574,
    "J1909-3744_CASPSR_40CM_log10_ecorr": -6.96965588603971,
    "J1909-3744_CASPSR_40CM_log10_equad": -7.998324517021157,
    "J1909-3744_CPSR2_20CM_efac": 1.0266211165854258,
    "J1909-3744_CPSR2_20CM_log10_ecorr": -7.358770186069677,
    "J1909-3744_CPSR2_20CM_log10_equad": -7.4709069506290335,
    "J1909-3744_CPSR2_50CM_efac": 1.0664298570635435,
    "J1909-3744_CPSR2_50CM_log10_ecorr": -6.82901897902893,
    "J1909-3744_CPSR2_50CM_log10_equad": -7.315037656867827,
    "J1909-3744_PDFB1_10CM_efac": 1.0078322913068836,
    "J1909-3744_PDFB1_10CM_log10_ecorr": -8.333746417982232,
    "J1909-3744_PDFB1_10CM_log10_equad": -8.906525634813946,
    "J1909-3744_PDFB1_1433_efac": 1.0302053047696704,
    "J1909-3744_PDFB1_1433_log10_ecorr": -6.32722161649139,
    "J1909-3744_PDFB1_1433_log10_equad": -7.858089535439044,
    "J1909-3744_PDFB1_20CM_efac": 1.0241306386713556,
    "J1909-3744_PDFB1_20CM_log10_ecorr": -7.204124480861113,
    "J1909-3744_PDFB1_20CM_log10_equad": -9.225027058040004,
    "J1909-3744_PDFB1_early_10CM_efac": 1.0565496620656298,
    "J1909-3744_PDFB1_early_10CM_log10_ecorr": -6.821074487492735,
    "J1909-3744_PDFB1_early_10CM_log10_equad": -8.52084218355561,
    "J1909-3744_PDFB1_early_20CM_efac": 0.9389381407636027,
    "J1909-3744_PDFB1_early_20CM_log10_ecorr": -6.779317880553645,
    "J1909-3744_PDFB1_early_20CM_log10_equad": -7.8253663973909156,
    "J1909-3744_PDFB_10CM_efac": 1.023169996226259,
    "J1909-3744_PDFB_10CM_log10_ecorr": -7.3798734479152195,
    "J1909-3744_PDFB_10CM_log10_equad": -8.351773804711154,
    "J1909-3744_PDFB_20CM_efac": 1.0273639820638454,
    "J1909-3744_PDFB_20CM_log10_ecorr": -7.245439866772073,
    "J1909-3744_PDFB_20CM_log10_equad": -9.529490085326323,
    "J1909-3744_PDFB_40CM_efac": 0.9979900915524403,
    "J1909-3744_PDFB_40CM_log10_ecorr": -6.652953871938308,
    "J1909-3744_PDFB_40CM_log10_equad": -8.269969715628855,
    "J1909-3744_WBCORR_10CM_efac": 1.1018282052020711,
    "J1909-3744_WBCORR_10CM_log10_ecorr": -6.4575875241501075,
    "J1909-3744_WBCORR_10CM_log10_equad": -8.250011623815594,
    "J1909-3744_band_noise_by_B_4050CM_4050CM_gamma": 0.7023812572289073,
    "J1909-3744_band_noise_by_B_4050CM_4050CM_log10_A": -13.389582650540037,
    "J1909-3744_dm_gp_gamma": 1.4399309332867054,
    "J1909-3744_dm_gp_log10_A": -13.709899745074077,
    "J1909-3744_red_noise_gamma": 3.714535431402862,
    "J1909-3744_red_noise_log10_A": -14.746476335985417,
    "nmodel": 0.07999853210288888
}