{
    "J1939+2134_CASPSR_40CM_efac": 1.847559288848461,
    "J1939+2134_CASPSR_40CM_log10_ecorr": -6.374262303609303,
    "J1939+2134_CASPSR_40CM_log10_equad": -6.988335536995733,
    "J1939+2134_CPSR2_20CM_efac": 1.0068288908380094,
    "J1939+2134_CPSR2_20CM_log10_ecorr": -7.226461688450812,
    "J1939+2134_CPSR2_20CM_log10_equad": -6.995590218625229,
    "J1939+2134_CPSR2_50CM_efac": 1.7730370943760452,
    "J1939+2134_CPSR2_50CM_log10_ecorr": -6.348755160151214,
    "J1939+2134_CPSR2_50CM_log10_equad": -6.8422981255856445,
    "J1939+2134_PDFB1_10CM_efac": 1.2351251798959686,
    "J1939+2134_PDFB1_10CM_log10_ecorr": -7.617217391299756,
    "J1939+2134_PDFB1_10CM_log10_equad": -6.288933345155394,
    "J1939+2134_PDFB1_20CM_efac": 0.5946495024129634,
    "J1939+2134_PDFB1_20CM_log10_ecorr": -7.390236001510266,
    "J1939+2134_PDFB1_20CM_log10_equad": -6.649399241522485,
    "J1939+2134_PDFB1_early_10CM_efac": 1.1525285355579489,
    "J1939+2134_PDFB1_early_10CM_log10_ecorr": -7.8521322935363305,
    "J1939+2134_PDFB1_early_10CM_log10_equad": -8.390950120605977,
    "J1939+2134_PDFB1_early_20CM_efac": 0.7527494259622116,
    "J1939+2134_PDFB1_early_20CM_log10_ecorr": -6.302574711848315,
    "J1939+2134_PDFB1_early_20CM_log10_equad": -6.432421960641879,
    "J1939+2134_PDFB_10CM_efac": 1.01081193586624,
    "J1939+2134_PDFB_10CM_log10_ecorr": -7.68549376641415,
    "J1939+2134_PDFB_10CM_log10_equad": -7.098057057683262,
    "J1939+2134_PDFB_20CM_efac": 0.7881568120211428,
    "J1939+2134_PDFB_20CM_log10_ecorr": -7.089052340004109,
    "J1939+2134_PDFB_20CM_log10_equad": -7.0890710084529065,
    "J1939+2134_PDFB_40CM_efac": 1.0627597775511632,
    "J1939+2134_PDFB_40CM_log10_ecorr": -6.377849766202935,
    "J1939+2134_PDFB_40CM_log10_equad": -6.433105723001127,
    "J1939+2134_WBCORR_10CM_efac": 1.2280103023128592,
    "J1939+2134_WBCORR_10CM_log10_ecorr": -7.5743417984932675,
    "J1939+2134_WBCORR_10CM_log10_equad": -5.579950161132605,
    "J1939+2134_band_noise_by_B_4050CM_4050CM_gamma": 1.4047259965570986,
    "J1939+2134_band_noise_by_B_4050CM_4050CM_log10_A": -13.151916849180669,
    "J1939+2134_chromatic_gp_gamma": 1.4610769743128116,
    "J1939+2134_chromatic_gp_log10_A": -13.917623635663649,
    "J1939+2134_dm_gp_gamma": 2.6941142341703452,
    "J1939+2134_dm_gp_log10_A": -12.952055200006772,
    "J1939+2134_red_noise_gamma": 5.511967416703753,
    "J1939+2134_red_noise_log10_A": -14.38041343266442,
    "nmodel": 0.01999917757070563
}