{
    "J2124-3358_CASPSR_40CM_efac": 1.2425824722826122,
    "J2124-3358_CASPSR_40CM_log10_equad": -8.299202973559549,
    "J2124-3358_CPSR2_20CM_efac": 1.6520644779047513,
    "J2124-3358_CPSR2_20CM_log10_equad": -5.530017012061401,
    "J2124-3358_CPSR2_50CM_efac": 1.0840758925538894,
    "J2124-3358_CPSR2_50CM_log10_equad": -6.092261489687276,
    "J2124-3358_PDFB1_10CM_efac": 0.9637435521745605,
    "J2124-3358_PDFB1_10CM_log10_equad": -5.1000255835240615,
    "J2124-3358_PDFB1_1433_efac": 1.0267548390892942,
    "J2124-3358_PDFB1_1433_log10_equad": -9.999983079029404,
    "J2124-3358_PDFB1_20CM_efac": 1.5618499185155525,
    "J2124-3358_PDFB1_20CM_log10_equad": -7.810256755414299,
    "J2124-3358_PDFB1_early_10CM_efac": 0.5401770756773944,
    "J2124-3358_PDFB1_early_10CM_log10_equad": -5.300013068114414,
    "J2124-3358_PDFB1_early_20CM_efac": 0.9868569133309586,
    "J2124-3358_PDFB1_early_20CM_log10_equad": -5.857070352236627,
    "J2124-3358_PDFB_10CM_efac": 1.078554370933712,
    "J2124-3358_PDFB_10CM_log10_equad": -7.347025153101198,
    "J2124-3358_PDFB_20CM_efac": 1.2910387439768793,
    "J2124-3358_PDFB_20CM_log10_equad": -7.844030185866979,
    "J2124-3358_PDFB_40CM_efac": 1.2031713817443117,
    "J2124-3358_PDFB_40CM_log10_equad": -6.028788241054151,
    "J2124-3358_WBCORR_10CM_efac": 1.080804330804535,
    "J2124-3358_WBCORR_10CM_log10_equad": -5.100006641683564,
    "J2124-3358_band_noise_0_20CM_gamma": 9.400111227707454,
    "J2124-3358_band_noise_0_20CM_log10_A": -15.905580600174776,
    "J2124-3358_dm_gp_gamma": 1.6017040373247295,
    "J2124-3358_dm_gp_log10_A": -13.593665932391191,
    "nmodel": -0.020000087507037967
}