{
    "J2129-5721_CASPSR_40CM_efac": 0.9894737257467237,
    "J2129-5721_CASPSR_40CM_log10_equad": -8.240760280621796,
    "J2129-5721_CPSR2_20CM_efac": 0.893067490101966,
    "J2129-5721_CPSR2_20CM_log10_equad": -5.9106842085218645,
    "J2129-5721_CPSR2_50CM_efac": 1.0353941171865113,
    "J2129-5721_CPSR2_50CM_log10_equad": -5.984437314408516,
    "J2129-5721_PDFB1_10CM_efac": 0.5997196521116679,
    "J2129-5721_PDFB1_10CM_log10_equad": -5.600120307980183,
    "J2129-5721_PDFB1_1433_efac": 1.127616078927023,
    "J2129-5721_PDFB1_1433_log10_equad": -5.400416333889244,
    "J2129-5721_PDFB1_20CM_efac": 1.1261862967553722,
    "J2129-5721_PDFB1_20CM_log10_equad": -6.54981563298341,
    "J2129-5721_PDFB1_early_20CM_efac": 1.0871915856847696,
    "J2129-5721_PDFB1_early_20CM_log10_equad": -6.633285083599814,
    "J2129-5721_PDFB_10CM_efac": 1.3561775256665276,
    "J2129-5721_PDFB_10CM_log10_equad": -5.800061109342323,
    "J2129-5721_PDFB_20CM_efac": 1.0300741839932108,
    "J2129-5721_PDFB_20CM_log10_equad": -6.558468361753615,
    "J2129-5721_PDFB_40CM_efac": 1.021342619606385,
    "J2129-5721_PDFB_40CM_log10_equad": -6.416365391859513,
    "J2129-5721_dm_gp_gamma": 1.5620999400104418,
    "J2129-5721_dm_gp_log10_A": -13.454472843021595,
    "nmodel": -0.13999860427871696
}