{
    "J2145-0750_CASPSR_40CM_efac": 1.2220878529428778,
    "J2145-0750_CASPSR_40CM_log10_ecorr": -6.0714402011113275,
    "J2145-0750_CASPSR_40CM_log10_equad": -8.14604062984126,
    "J2145-0750_CPSR2_20CM_efac": 1.1917565951048652,
    "J2145-0750_CPSR2_20CM_log10_ecorr": -7.169991642720776,
    "J2145-0750_CPSR2_20CM_log10_equad": -5.460873535199693,
    "J2145-0750_CPSR2_50CM_efac": 1.0843406386512993,
    "J2145-0750_CPSR2_50CM_log10_ecorr": -5.718285399673111,
    "J2145-0750_CPSR2_50CM_log10_equad": -7.445750364134025,
    "J2145-0750_PDFB1_10CM_efac": 1.0386998227310646,
    "J2145-0750_PDFB1_10CM_log10_ecorr": -7.222588882246862,
    "J2145-0750_PDFB1_10CM_log10_equad": -8.057372096789425,
    "J2145-0750_PDFB1_1433_efac": 1.096172325770767,
    "J2145-0750_PDFB1_1433_log10_ecorr": -6.11781601209827,
    "J2145-0750_PDFB1_1433_log10_equad": -9.477886943861417,
    "J2145-0750_PDFB1_20CM_efac": 1.1380170079899976,
    "J2145-0750_PDFB1_20CM_log10_ecorr": -8.331483506932887,
    "J2145-0750_PDFB1_20CM_log10_equad": -6.302789196364346,
    "J2145-0750_PDFB1_early_10CM_efac": 0.996270271562657,
    "J2145-0750_PDFB1_early_10CM_log10_ecorr": -7.504024640023436,
    "J2145-0750_PDFB1_early_10CM_log10_equad": -5.213815213640087,
    "J2145-0750_PDFB1_early_20CM_efac": 0.9989063335949778,
    "J2145-0750_PDFB1_early_20CM_log10_ecorr": -6.424397095816344,
    "J2145-0750_PDFB1_early_20CM_log10_equad": -7.143952629795338,
    "J2145-0750_PDFB_10CM_efac": 1.0492442896352177,
    "J2145-0750_PDFB_10CM_log10_ecorr": -6.4893494224852954,
    "J2145-0750_PDFB_10CM_log10_equad": -9.029382750970083,
    "J2145-0750_PDFB_20CM_efac": 1.1280456807412131,
    "J2145-0750_PDFB_20CM_log10_ecorr": -6.37661299796763,
    "J2145-0750_PDFB_20CM_log10_equad": -8.608704739488427,
    "J2145-0750_PDFB_40CM_efac": 1.12084333118759,
    "J2145-0750_PDFB_40CM_log10_ecorr": -6.51088349546567,
    "J2145-0750_PDFB_40CM_log10_equad": -7.66736998995651,
    "J2145-0750_WBCORR_10CM_efac": 1.2345773151169173,
    "J2145-0750_WBCORR_10CM_log10_ecorr": -8.51698258233766,
    "J2145-0750_WBCORR_10CM_log10_equad": -8.061178365628935,
    "J2145-0750_dm_gp_gamma": 1.2037999765690817,
    "J2145-0750_dm_gp_log10_A": -13.663364298278085,
    "J2145-0750_dmexp_idx": -0.04470921636634739,
    "J2145-0750_dmexp_log10_Amp": -5.404482867269191,
    "J2145-0750_dmexp_log10_tau": 1.9802187546428565,
    "J2145-0750_dmexp_t0": 56319.76486377689,
    "J2145-0750_system_noise_0_CPSR2_50CM_gamma": 9.799747795258236,
    "J2145-0750_system_noise_0_CPSR2_50CM_log10_A": -14.763146802966642,
    "nmodel": -0.4599986342421042
}