{
    "J2241-5236_CASPSR_40CM_efac": 1.1588635751851124,
    "J2241-5236_CASPSR_40CM_log10_ecorr": -6.426331823013275,
    "J2241-5236_CASPSR_40CM_log10_equad": -6.773293842516119,
    "J2241-5236_PDFB_10CM_efac": 1.0590314988654876,
    "J2241-5236_PDFB_10CM_log10_ecorr": -7.456721458741669,
    "J2241-5236_PDFB_10CM_log10_equad": -6.3795402864470026,
    "J2241-5236_PDFB_20CM_efac": 1.0553694923487713,
    "J2241-5236_PDFB_20CM_log10_ecorr": -6.974447469360809,
    "J2241-5236_PDFB_20CM_log10_equad": -7.03839226487045,
    "J2241-5236_PDFB_40CM_efac": 0.9982579502101089,
    "J2241-5236_PDFB_40CM_log10_ecorr": -7.223200791034818,
    "J2241-5236_PDFB_40CM_log10_equad": -7.497911621476753,
    "J2241-5236_dm_gp_gamma": 1.8395421399993945,
    "J2241-5236_dm_gp_log10_A": -13.853736116113884,
    "nmodel": -0.2199983672859162
}