{
    "J0711-6830_CASPSR_40CM_efac": 1.1302947760780933,
    "J0711-6830_CASPSR_40CM_log10_equad": -8.080591987527798,
    "J0711-6830_CPSR2_20CM_efac": 1.0726235810313467,
    "J0711-6830_CPSR2_20CM_log10_equad": -6.079833099714666,
    "J0711-6830_CPSR2_50CM_efac": 1.0987727201010453,
    "J0711-6830_CPSR2_50CM_log10_equad": -8.412305612852387,
    "J0711-6830_PDFB1_10CM_efac": 0.9725569234069678,
    "J0711-6830_PDFB1_10CM_log10_equad": -5.200057528730346,
    "J0711-6830_PDFB1_1433_efac": 1.1241752730824939,
    "J0711-6830_PDFB1_1433_log10_equad": -6.835136805886866,
    "J0711-6830_PDFB1_20CM_efac": 1.0895455310935294,
    "J0711-6830_PDFB1_20CM_log10_equad": -8.151933709030825,
    "J0711-6830_PDFB1_early_10CM_efac": 0.9921754868570628,
    "J0711-6830_PDFB1_early_10CM_log10_equad": -5.3000393456691475,
    "J0711-6830_PDFB1_early_20CM_efac": 1.009234958274763,
    "J0711-6830_PDFB1_early_20CM_log10_equad": -7.12295874175536,
    "J0711-6830_PDFB_10CM_efac": 1.0380148676678291,
    "J0711-6830_PDFB_10CM_log10_equad": -6.02177030870029,
    "J0711-6830_PDFB_20CM_efac": 1.0473565817647115,
    "J0711-6830_PDFB_20CM_log10_equad": -8.466868844413348,
    "J0711-6830_PDFB_40CM_efac": 1.0645307114306664,
    "J0711-6830_PDFB_40CM_log10_equad": -8.244351038415594,
    "J0711-6830_WBCORR_10CM_efac": 1.0570348729421783,
    "J0711-6830_WBCORR_10CM_log10_equad": -6.280265463171347,
    "J0711-6830_dm_gp_gamma": 9.400241692684975,
    "J0711-6830_dm_gp_log10_A": -13.9624175779309,
    "J0711-6830_red_noise_gamma": 1.0716649243557084,
    "J0711-6830_red_noise_log10_A": -13.039906593900502,
    "nmodel": 0.39999886218868863
}