{
    "J1017-7156_CASPSR_40CM_efac": 0.9573231801321205,
    "J1017-7156_CASPSR_40CM_log10_ecorr": -6.211016385855565,
    "J1017-7156_CASPSR_40CM_log10_equad": -8.64004691582948,
    "J1017-7156_PDFB_10CM_efac": 0.9314071962656822,
    "J1017-7156_PDFB_10CM_log10_ecorr": -6.513731977586625,
    "J1017-7156_PDFB_10CM_log10_equad": -7.463786895185711,
    "J1017-7156_PDFB_20CM_efac": 1.0335826380125417,
    "J1017-7156_PDFB_20CM_log10_ecorr": -6.967911269151536,
    "J1017-7156_PDFB_20CM_log10_equad": -7.626895390080589,
    "J1017-7156_PDFB_40CM_efac": 1.0233493000058853,
    "J1017-7156_PDFB_40CM_log10_ecorr": -6.385330748258472,
    "J1017-7156_PDFB_40CM_log10_equad": -6.958294814528648,
    "J1017-7156_chromatic_gp_gamma": 3.2166774236714852,
    "J1017-7156_chromatic_gp_log10_A": -12.950698276728033,
    "nmodel": -0.11999682194397648
}