{
    "J1022+1001_CASPSR_40CM_efac": 1.0297300645832126,
    "J1022+1001_CASPSR_40CM_log10_ecorr": -6.251528937353048,
    "J1022+1001_CASPSR_40CM_log10_equad": -6.532887846393428,
    "J1022+1001_CPSR2_20CM_efac": 1.1357565169874917,
    "J1022+1001_CPSR2_20CM_log10_ecorr": -5.975104907636693,
    "J1022+1001_CPSR2_20CM_log10_equad": -5.495702042314732,
    "J1022+1001_CPSR2_50CM_efac": 1.0432299362327586,
    "J1022+1001_CPSR2_50CM_log10_ecorr": -5.621383688251666,
    "J1022+1001_CPSR2_50CM_log10_equad": -7.498280624733809,
    "J1022+1001_PDFB1_10CM_efac": 1.065646742339207,
    "J1022+1001_PDFB1_10CM_log10_ecorr": -5.682270057420143,
    "J1022+1001_PDFB1_10CM_log10_equad": -7.915595815116454,
    "J1022+1001_PDFB1_1433_efac": 0.9498500489416126,
    "J1022+1001_PDFB1_1433_log10_ecorr": -5.702128715535702,
    "J1022+1001_PDFB1_1433_log10_equad": -8.350103490788214,
    "J1022+1001_PDFB1_20CM_efac": 1.140279629452781,
    "J1022+1001_PDFB1_20CM_log10_ecorr": -5.913200989521789,
    "J1022+1001_PDFB1_20CM_log10_equad": -9.99995321237912,
    "J1022+1001_PDFB1_early_10CM_efac": 1.0575975831436888,
    "J1022+1001_PDFB1_early_10CM_log10_ecorr": -8.65955987139084,
    "J1022+1001_PDFB1_early_10CM_log10_equad": -5.3250576738250235,
    "J1022+1001_PDFB1_early_20CM_efac": 1.0900107187293797,
    "J1022+1001_PDFB1_early_20CM_log10_ecorr": -5.943119582262648,
    "J1022+1001_PDFB1_early_20CM_log10_equad": -6.283112628886713,
    "J1022+1001_PDFB_10CM_efac": 1.0254531366551873,
    "J1022+1001_PDFB_10CM_log10_ecorr": -5.520027436914776,
    "J1022+1001_PDFB_10CM_log10_equad": -6.20853914432305,
    "J1022+1001_PDFB_20CM_efac": 1.123297885517211,
    "J1022+1001_PDFB_20CM_log10_ecorr": -5.921712221489923,
    "J1022+1001_PDFB_20CM_log10_equad": -8.299257037684464,
    "J1022+1001_PDFB_40CM_efac": 1.161148783776191,
    "J1022+1001_PDFB_40CM_log10_ecorr": -6.163662284645733,
    "J1022+1001_PDFB_40CM_log10_equad": -6.804225711956223,
    "J1022+1001_WBCORR_10CM_efac": 1.172369634691798,
    "J1022+1001_WBCORR_10CM_log10_ecorr": -5.960888637544014,
    "J1022+1001_WBCORR_10CM_log10_equad": -7.161640713086646,
    "J1022+1001_dm_gp_gamma": 1.0645719639455502,
    "J1022+1001_dm_gp_log10_A": -13.446224653412976,
    "nmodel": -0.13999889357140682
}