{
    "J1024-0719_CASPSR_40CM_efac": 1.0257049756804923,
    "J1024-0719_CASPSR_40CM_log10_equad": -8.253183848010517,
    "J1024-0719_CPSR2_20CM_efac": 1.055791775780936,
    "J1024-0719_CPSR2_20CM_log10_equad": -6.897695974296727,
    "J1024-0719_CPSR2_50CM_efac": 1.1902485369187419,
    "J1024-0719_CPSR2_50CM_log10_equad": -6.328671797933563,
    "J1024-0719_PDFB1_10CM_efac": 0.9525719513184616,
    "J1024-0719_PDFB1_10CM_log10_equad": -5.28003281970949,
    "J1024-0719_PDFB1_1433_efac": 1.0592021164351928,
    "J1024-0719_PDFB1_1433_log10_equad": -7.621571761833905,
    "J1024-0719_PDFB1_20CM_efac": 0.9941625199157977,
    "J1024-0719_PDFB1_20CM_log10_equad": -8.331568851963976,
    "J1024-0719_PDFB1_early_10CM_efac": 1.0016830702446842,
    "J1024-0719_PDFB1_early_10CM_log10_equad": -5.4200058519578445,
    "J1024-0719_PDFB1_early_20CM_efac": 0.9845352308996628,
    "J1024-0719_PDFB1_early_20CM_log10_equad": -7.556049782272496,
    "J1024-0719_PDFB_10CM_efac": 1.009567555113394,
    "J1024-0719_PDFB_10CM_log10_equad": -6.56492668904546,
    "J1024-0719_PDFB_20CM_efac": 1.0914560762397745,
    "J1024-0719_PDFB_20CM_log10_equad": -6.546095057722027,
    "J1024-0719_PDFB_40CM_efac": 1.0557827519286846,
    "J1024-0719_PDFB_40CM_log10_equad": -6.917370619762761,
    "J1024-0719_WBCORR_10CM_efac": 1.109473082541631,
    "J1024-0719_WBCORR_10CM_log10_equad": -8.429994792858016,
    "J1024-0719_dm_gp_gamma": 3.962300853988784,
    "J1024-0719_dm_gp_log10_A": -14.054633975133626,
    "nmodel": 0.10000049076684503
}