{
    "J1045-4509_CASPSR_40CM_efac": 1.3310232101355184,
    "J1045-4509_CASPSR_40CM_log10_equad": -7.883336552278481,
    "J1045-4509_CPSR2_20CM_efac": 1.043985987970695,
    "J1045-4509_CPSR2_20CM_log10_equad": -7.780439810131328,
    "J1045-4509_CPSR2_50CM_efac": 1.0589967460364005,
    "J1045-4509_CPSR2_50CM_log10_equad": -6.003527140217894,
    "J1045-4509_PDFB1_10CM_efac": 0.8527695803820152,
    "J1045-4509_PDFB1_10CM_log10_equad": -5.700021482092218,
    "J1045-4509_PDFB1_1433_efac": 0.963583212544121,
    "J1045-4509_PDFB1_1433_log10_equad": -5.5902190677794215,
    "J1045-4509_PDFB1_20CM_efac": 1.1500714309991182,
    "J1045-4509_PDFB1_20CM_log10_equad": -7.0767970005639835,
    "J1045-4509_PDFB1_early_10CM_efac": 1.07626681951864,
    "J1045-4509_PDFB1_early_10CM_log10_equad": -5.100000964019164,
    "J1045-4509_PDFB1_early_20CM_efac": 1.2093742857544671,
    "J1045-4509_PDFB1_early_20CM_log10_equad": -7.718222990765451,
    "J1045-4509_PDFB_10CM_efac": 1.0771709977436275,
    "J1045-4509_PDFB_10CM_log10_equad": -6.342229926816845,
    "J1045-4509_PDFB_20CM_efac": 0.9768020307225285,
    "J1045-4509_PDFB_20CM_log10_equad": -5.76697696716294,
    "J1045-4509_PDFB_40CM_efac": 1.1234316355004588,
    "J1045-4509_PDFB_40CM_log10_equad": -5.720138566583153,
    "J1045-4509_WBCORR_10CM_efac": 1.0835378337504347,
    "J1045-4509_WBCORR_10CM_log10_equad": -5.100006179191554,
    "J1045-4509_chromatic_gp_gamma": 2.7992205533473493,
    "J1045-4509_chromatic_gp_log10_A": -12.361855049384712,
    "nmodel": 0.25999972577982233
}