{
    "J1125-6014_CASPSR_40CM_efac": 0.9726059653689976,
    "J1125-6014_CASPSR_40CM_log10_equad": -9.278718846618537,
    "J1125-6014_PDFB1_20CM_efac": 1.297157247291728,
    "J1125-6014_PDFB1_20CM_log10_equad": -5.5291798573822275,
    "J1125-6014_PDFB1_early_20CM_efac": 0.5996750997374793,
    "J1125-6014_PDFB1_early_20CM_log10_equad": -5.900444999735762,
    "J1125-6014_PDFB_10CM_efac": 1.0258157593974775,
    "J1125-6014_PDFB_10CM_log10_equad": -9.135463467043959,
    "J1125-6014_PDFB_20CM_efac": 1.0857510237476853,
    "J1125-6014_PDFB_20CM_log10_equad": -8.540376571138797,
    "J1125-6014_dm_gp_gamma": 3.0652772795665366,
    "J1125-6014_dm_gp_log10_A": -13.144798426065996,
    "nmodel": 0.4199983205163682
}