{
    "J1446-4701_CASPSR_40CM_efac": 1.2577499178958864,
    "J1446-4701_CASPSR_40CM_log10_ecorr": -6.051627064574768,
    "J1446-4701_CASPSR_40CM_log10_equad": -5.710663895081227,
    "J1446-4701_PDFB_10CM_efac": 1.1240580291352287,
    "J1446-4701_PDFB_10CM_log10_ecorr": -8.756746297918562,
    "J1446-4701_PDFB_10CM_log10_equad": -7.63240280557723,
    "J1446-4701_PDFB_20CM_efac": 0.9493460149931542,
    "J1446-4701_PDFB_20CM_log10_ecorr": -6.119566353871732,
    "J1446-4701_PDFB_20CM_log10_equad": -6.599505213823115,
    "J1446-4701_PDFB_40CM_efac": 0.926633639655086,
    "J1446-4701_PDFB_40CM_log10_ecorr": -6.866374566825538,
    "J1446-4701_PDFB_40CM_log10_equad": -6.545096316735278,
    "J1446-4701_dm_gp_gamma": 1.8000051066159506,
    "J1446-4701_dm_gp_log10_A": -13.317724512354339,
    "nmodel": 0.09999989026460165
}