{
    "J1545-4550_CASPSR_40CM_efac": 1.038943540724611,
    "J1545-4550_CASPSR_40CM_log10_equad": -5.48108004384986,
    "J1545-4550_PDFB_10CM_efac": 1.0319634035180036,
    "J1545-4550_PDFB_10CM_log10_equad": -6.4483080548974465,
    "J1545-4550_PDFB_20CM_efac": 0.9292559191711105,
    "J1545-4550_PDFB_20CM_log10_equad": -7.202411074791755,
    "J1545-4550_PDFB_40CM_efac": 1.3501997416066054,
    "J1545-4550_PDFB_40CM_log10_equad": -5.100018138461771,
    "J1545-4550_dm_gp_gamma": 3.1332145646774223,
    "J1545-4550_dm_gp_log10_A": -13.297525001792321,
    "nmodel": 0.2800000530521478
}